문제명,출처,레벨,완료한사람,정답률,url
기차 선로,2025 카카오 하반기 2차,Lv. 3,171명,3%,https://school.programmers.co.kr/learn/courses/30/lessons/468381
제곱 개수 배열,2025 카카오 하반기 2차,Lv. 3,131명,10%,https://school.programmers.co.kr/learn/courses/30/lessons/468380
선인장 숨기기,2025 카카오 하반기 2차,Lv. 2,705명,15%,https://school.programmers.co.kr/learn/courses/30/lessons/468379
보물 찾기,2025 카카오 하반기 2차,Lv. 3,145명,13%,https://school.programmers.co.kr/learn/courses/30/lessons/468378
힌트 스테이지,2025 카카오 하반기 2차,Lv. 2,580명,25%,https://school.programmers.co.kr/learn/courses/30/lessons/468377
최고 속도,2025 카카오 하반기 1차,Lv. 3,53명,6%,https://school.programmers.co.kr/learn/courses/30/lessons/468376
발전소 회로 복구,2025 카카오 하반기 1차,Lv. 3,101명,13%,https://school.programmers.co.kr/learn/courses/30/lessons/468375
카카오 앱 정리하기,2025 카카오 하반기 1차,Lv. 3,48명,5%,https://school.programmers.co.kr/learn/courses/30/lessons/468374
바이러스 파이프,2025 카카오 하반기 1차,Lv. 2,784명,36%,https://school.programmers.co.kr/learn/courses/30/lessons/468373
리프 노드 수 최대화,2025 카카오 하반기 1차,Lv. 2,281명,17%,https://school.programmers.co.kr/learn/courses/30/lessons/468372
노란불 신호등,2025 카카오 하반기 1차,Lv. 1,"2,489명",30%,https://school.programmers.co.kr/learn/courses/30/lessons/468371
중요한 단어를 스포 방지,2025 카카오 하반기 1차,Lv. 1,"1,520명",27%,https://school.programmers.co.kr/learn/courses/30/lessons/468370
숫자 야구,연습문제,Lv. 3,467명,5%,https://school.programmers.co.kr/learn/courses/30/lessons/451808
문자열과 알파벳과 쿼리,2025 프로그래머스 코드챌린지 본선,Lv. 5,84명,0%,https://school.programmers.co.kr/learn/courses/30/lessons/389632
눈사람 만들기,2025 프로그래머스 코드챌린지 본선,Lv. 5,68명,1%,https://school.programmers.co.kr/learn/courses/30/lessons/389631
격자 뒤집기 미로,2025 프로그래머스 코드챌린지 본선,Lv. 4,117명,4%,https://school.programmers.co.kr/learn/courses/30/lessons/389630
가장 큰 삼각형 덩어리,2025 프로그래머스 코드챌린지 본선,Lv. 4,125명,6%,https://school.programmers.co.kr/learn/courses/30/lessons/389629
봉인된 주문,2025 프로그래머스 코드챌린지 2차 예선,Lv. 3,"2,587명",29%,https://school.programmers.co.kr/learn/courses/30/lessons/389481
완전범죄,2025 프로그래머스 코드챌린지 2차 예선,Lv. 2,"5,448명",31%,https://school.programmers.co.kr/learn/courses/30/lessons/389480
서버 증설 횟수,2025 프로그래머스 코드챌린지 2차 예선,Lv. 2,"8,672명",54%,https://school.programmers.co.kr/learn/courses/30/lessons/389479
택배 상자 꺼내기,2025 프로그래머스 코드챌린지 2차 예선,Lv. 1,"11,282명",38%,https://school.programmers.co.kr/learn/courses/30/lessons/389478
홀짝트리,2025 프로그래머스 코드챌린지 1차 예선,Lv. 3,"1,216명",20%,https://school.programmers.co.kr/learn/courses/30/lessons/388354
지게차와 크레인,2025 프로그래머스 코드챌린지 1차 예선,Lv. 2,"4,531명",45%,https://school.programmers.co.kr/learn/courses/30/lessons/388353
비밀 코드 해독,2025 프로그래머스 코드챌린지 1차 예선,Lv. 2,"5,081명",45%,https://school.programmers.co.kr/learn/courses/30/lessons/388352
유연근무제,2025 프로그래머스 코드챌린지 1차 예선,Lv. 1,"11,514명",51%,https://school.programmers.co.kr/learn/courses/30/lessons/388351
[PCCP 기출문제] 1번 / 동영상 재생기,PCCP 기출문제,Lv. 1,"16,243명",43%,https://school.programmers.co.kr/learn/courses/30/lessons/340213
[PCCP 기출문제] 2번 / 퍼즐 게임 챌린지,PCCP 기출문제,Lv. 2,"9,306명",46%,https://school.programmers.co.kr/learn/courses/30/lessons/340212
[PCCP 기출문제] 3번 / 충돌위험 찾기,PCCP 기출문제,Lv. 2,"4,896명",37%,https://school.programmers.co.kr/learn/courses/30/lessons/340211
[PCCP 기출문제] 4번 / 수식 복원하기,PCCP 기출문제,Lv. 3,"2,044명",22%,https://school.programmers.co.kr/learn/courses/30/lessons/340210
[PCCE 기출문제] 1번 / 문자 출력,PCCE 기출문제,Lv. 0,"36,854명",72%,https://school.programmers.co.kr/learn/courses/30/lessons/340207
[PCCE 기출문제] 2번 / 각도 합치기,PCCE 기출문제,Lv. 0,"25,060명",77%,https://school.programmers.co.kr/learn/courses/30/lessons/340206
[PCCE 기출문제] 3번 / 수 나누기,PCCE 기출문제,Lv. 0,"19,527명",73%,https://school.programmers.co.kr/learn/courses/30/lessons/340205
[PCCE 기출문제] 4번 / 병과분류,PCCE 기출문제,Lv. 0,"19,026명",81%,https://school.programmers.co.kr/learn/courses/30/lessons/340204
[PCCE 기출문제] 5번 / 심폐소생술,PCCE 기출문제,Lv. 0,"15,425명",77%,https://school.programmers.co.kr/learn/courses/30/lessons/340203
[PCCE 기출문제] 6번 / 물 부족,PCCE 기출문제,Lv. 0,"12,057명",66%,https://school.programmers.co.kr/learn/courses/30/lessons/340202
[PCCE 기출문제] 7번 / 버스,PCCE 기출문제,Lv. 0,"10,280명",63%,https://school.programmers.co.kr/learn/courses/30/lessons/340201
[PCCE 기출문제] 8번 / 닉네임 규칙,PCCE 기출문제,Lv. 0,"10,953명",77%,https://school.programmers.co.kr/learn/courses/30/lessons/340200
[PCCE 기출문제] 9번 / 지폐 접기,PCCE 기출문제,Lv. 1,"13,221명",66%,https://school.programmers.co.kr/learn/courses/30/lessons/340199
[PCCE 기출문제] 10번 / 공원,PCCE 기출문제,Lv. 1,"7,063명",47%,https://school.programmers.co.kr/learn/courses/30/lessons/340198
멸종위기의 대장균 찾기,SELECT,Lv. 5,"5,203명",25%,https://school.programmers.co.kr/learn/courses/30/lessons/301651
특정 세대의 대장균 찾기,SELECT,Lv. 4,"8,515명",65%,https://school.programmers.co.kr/learn/courses/30/lessons/301650
대장균의 크기에 따라 분류하기 2,SELECT,Lv. 3,"9,558명",63%,https://school.programmers.co.kr/learn/courses/30/lessons/301649
부모의 형질을 모두 가지는 대장균 찾기,SELECT,Lv. 2,"10,329명",53%,https://school.programmers.co.kr/learn/courses/30/lessons/301647
특정 형질을 가지는 대장균 찾기,SELECT,Lv. 1,"14,082명",48%,https://school.programmers.co.kr/learn/courses/30/lessons/301646
연도별 대장균 크기의 편차 구하기,"SUM, MAX, MIN",Lv. 2,"11,739명",62%,https://school.programmers.co.kr/learn/courses/30/lessons/299310
분기별 분화된 대장균의 개체 수 구하기,"String, Date",Lv. 2,"8,489명",71%,https://school.programmers.co.kr/learn/courses/30/lessons/299308
대장균의 크기에 따라 분류하기 1,SELECT,Lv. 3,"12,541명",83%,https://school.programmers.co.kr/learn/courses/30/lessons/299307
대장균들의 자식의 수 구하기,SELECT,Lv. 3,"12,139명",73%,https://school.programmers.co.kr/learn/courses/30/lessons/299305
특정 조건을 만족하는 물고기별 수와 최대 길이 구하기,GROUP BY,Lv. 3,"9,378명",77%,https://school.programmers.co.kr/learn/courses/30/lessons/298519
특정 물고기를 잡은 총 수 구하기,SELECT,Lv. 2,"16,632명",81%,https://school.programmers.co.kr/learn/courses/30/lessons/298518
가장 큰 물고기 10마리 구하기,SELECT,Lv. 1,"19,244명",76%,https://school.programmers.co.kr/learn/courses/30/lessons/298517
한 해에 잡은 물고기 수 구하기,"String, Date",Lv. 1,"13,245명",82%,https://school.programmers.co.kr/learn/courses/30/lessons/298516
잡은 물고기 중 가장 큰 물고기의 길이 구하기,"SUM, MAX, MIN",Lv. 1,"17,934명",84%,https://school.programmers.co.kr/learn/courses/30/lessons/298515
물고기 종류 별 대어 찾기,"SUM, MAX, MIN",Lv. 3,"14,171명",73%,https://school.programmers.co.kr/learn/courses/30/lessons/293261
월별 잡은 물고기 수 구하기,GROUP BY,Lv. 2,"12,130명",85%,https://school.programmers.co.kr/learn/courses/30/lessons/293260
잡은 물고기의 평균 길이 구하기,IS NULL,Lv. 1,"13,929명",83%,https://school.programmers.co.kr/learn/courses/30/lessons/293259
잔챙이 잡은 수 구하기,SELECT,Lv. 1,"16,947명",85%,https://school.programmers.co.kr/learn/courses/30/lessons/293258
물고기 종류 별 잡은 수 구하기,GROUP BY,Lv. 2,"11,544명",85%,https://school.programmers.co.kr/learn/courses/30/lessons/293257
노선별 평균 역 사이 거리 조회하기,GROUP BY,Lv. 2,"10,987명",77%,https://school.programmers.co.kr/learn/courses/30/lessons/284531
연도 별 평균 미세먼지 농도 조회하기,"String, Date",Lv. 2,"9,620명",86%,https://school.programmers.co.kr/learn/courses/30/lessons/284530
부서별 평균 연봉 조회하기,GROUP BY,Lv. 3,"10,734명",86%,https://school.programmers.co.kr/learn/courses/30/lessons/284529
연간 평가점수에 해당하는 평가 등급 및 성과금 조회하기,GROUP BY,Lv. 4,"7,190명",74%,https://school.programmers.co.kr/learn/courses/30/lessons/284528
조건에 맞는 사원 정보 조회하기,GROUP BY,Lv. 2,"10,699명",81%,https://school.programmers.co.kr/learn/courses/30/lessons/284527
언어별 개발자 분류하기,GROUP BY,Lv. 4,"4,582명",44%,https://school.programmers.co.kr/learn/courses/30/lessons/276036
FrontEnd 개발자 찾기,JOIN,Lv. 4,"6,691명",54%,https://school.programmers.co.kr/learn/courses/30/lessons/276035
조건에 맞는 개발자 찾기,SELECT,Lv. 2,"11,881명",61%,https://school.programmers.co.kr/learn/courses/30/lessons/276034
Python 개발자 찾기,SELECT,Lv. 1,"18,612명",84%,https://school.programmers.co.kr/learn/courses/30/lessons/276013
업그레이드 할 수 없는 아이템 구하기,IS NULL,Lv. 3,"10,095명",74%,https://school.programmers.co.kr/learn/courses/30/lessons/273712
업그레이드 된 아이템 구하기,SELECT,Lv. 2,"13,317명",69%,https://school.programmers.co.kr/learn/courses/30/lessons/273711
ROOT 아이템 구하기,IS NULL,Lv. 2,"12,177명",84%,https://school.programmers.co.kr/learn/courses/30/lessons/273710
조건에 맞는 아이템들의 가격의 총합 구하기,"SUM, MAX, MIN",Lv. 2,"19,295명",90%,https://school.programmers.co.kr/learn/courses/30/lessons/273709
가장 많이 받은 선물,2024 KAKAO WINTER INTERNSHIP,Lv. 1,"18,459명",31%,https://school.programmers.co.kr/learn/courses/30/lessons/258712
도넛과 막대 그래프,2024 KAKAO WINTER INTERNSHIP,Lv. 2,"7,049명",26%,https://school.programmers.co.kr/learn/courses/30/lessons/258711
주사위 고르기,2024 KAKAO WINTER INTERNSHIP,Lv. 3,"3,960명",24%,https://school.programmers.co.kr/learn/courses/30/lessons/258709
n + 1 카드게임,2024 KAKAO WINTER INTERNSHIP,Lv. 3,"2,840명",23%,https://school.programmers.co.kr/learn/courses/30/lessons/258707
산 모양 타일링,2024 KAKAO WINTER INTERNSHIP,Lv. 3,"2,885명",29%,https://school.programmers.co.kr/learn/courses/30/lessons/258705
[PCCP 기출문제] 1번 / 붕대 감기,PCCP 기출문제,Lv. 1,"17,630명",45%,https://school.programmers.co.kr/learn/courses/30/lessons/250137
[PCCP 기출문제] 2번 / 석유 시추,PCCP 기출문제,Lv. 2,"9,141명",44%,https://school.programmers.co.kr/learn/courses/30/lessons/250136
[PCCP 기출문제] 3번 / 아날로그 시계,PCCP 기출문제,Lv. 2,"2,987명",17%,https://school.programmers.co.kr/learn/courses/30/lessons/250135
[PCCP 기출문제] 4번 / 수레 움직이기,PCCP 기출문제,Lv. 3,"1,802명",21%,https://school.programmers.co.kr/learn/courses/30/lessons/250134
[PCCE 기출문제] 1번 / 출력,PCCE 기출문제,Lv. 0,"31,901명",74%,https://school.programmers.co.kr/learn/courses/30/lessons/250133
[PCCE 기출문제] 2번 / 피타고라스의 정리,PCCE 기출문제,Lv. 0,"26,348명",82%,https://school.programmers.co.kr/learn/courses/30/lessons/250132
[PCCE 기출문제] 3번 / 나이 계산,PCCE 기출문제,Lv. 0,"22,864명",81%,https://school.programmers.co.kr/learn/courses/30/lessons/250131
[PCCE 기출문제] 4번 / 저축,PCCE 기출문제,Lv. 0,"20,294명",83%,https://school.programmers.co.kr/learn/courses/30/lessons/250130
[PCCE 기출문제] 5번 / 산책,PCCE 기출문제,Lv. 0,"19,579명",84%,https://school.programmers.co.kr/learn/courses/30/lessons/250129
[PCCE 기출문제] 6번 / 가채점,PCCE 기출문제,Lv. 0,"15,390명",76%,https://school.programmers.co.kr/learn/courses/30/lessons/250128
[PCCE 기출문제] 7번 / 가습기,PCCE 기출문제,Lv. 0,"15,101명",80%,https://school.programmers.co.kr/learn/courses/30/lessons/250127
[PCCE 기출문제] 8번 / 창고 정리,PCCE 기출문제,Lv. 0,"13,241명",67%,https://school.programmers.co.kr/learn/courses/30/lessons/250126
[PCCE 기출문제] 9번 / 이웃한 칸,PCCE 기출문제,Lv. 1,"13,410명",62%,https://school.programmers.co.kr/learn/courses/30/lessons/250125
[PCCE 기출문제] 10번 / 데이터 분석,PCCE 기출문제,Lv. 1,"11,834명",56%,https://school.programmers.co.kr/learn/courses/30/lessons/250121
미로 주행 테스트,2023 현대모비스 알고리즘 경진대회 본선,Lv. 5,49명,0%,https://school.programmers.co.kr/learn/courses/30/lessons/214295
빠른 이동,2023 현대모비스 알고리즘 경진대회 본선,Lv. 5,76명,1%,https://school.programmers.co.kr/learn/courses/30/lessons/214294
중요한 도로,2023 현대모비스 알고리즘 경진대회 본선,Lv. 5,78명,2%,https://school.programmers.co.kr/learn/courses/30/lessons/214293
재밌는 레이싱 경기장 설계하기,2023 현대모비스 알고리즘 경진대회 본선,Lv. 5,139명,3%,https://school.programmers.co.kr/learn/courses/30/lessons/214292
집합과 쿼리,2023 현대모비스 알고리즘 경진대회 예선,Lv. 5,76명,1%,https://school.programmers.co.kr/learn/courses/30/lessons/214291
경사로의 개수,2023 현대모비스 알고리즘 경진대회 예선,Lv. 4,314명,7%,https://school.programmers.co.kr/learn/courses/30/lessons/214290
에어컨,2023 현대모비스 알고리즘 경진대회 예선,Lv. 3,"1,528명",12%,https://school.programmers.co.kr/learn/courses/30/lessons/214289
상담원 인원,2023 현대모비스 알고리즘 경진대회 예선,Lv. 3,"2,131명",17%,https://school.programmers.co.kr/learn/courses/30/lessons/214288
문자열 출력하기,코딩 기초 트레이닝,Lv. 0,"95,274명",73%,https://school.programmers.co.kr/learn/courses/30/lessons/181952
a와 b 출력하기,코딩 기초 트레이닝,Lv. 0,"84,100명",80%,https://school.programmers.co.kr/learn/courses/30/lessons/181951
문자열 반복해서 출력하기,코딩 기초 트레이닝,Lv. 0,"77,777명",86%,https://school.programmers.co.kr/learn/courses/30/lessons/181950
대소문자 바꿔서 출력하기,코딩 기초 트레이닝,Lv. 0,"65,814명",78%,https://school.programmers.co.kr/learn/courses/30/lessons/181949
특수문자 출력하기,코딩 기초 트레이닝,Lv. 0,"62,954명",85%,https://school.programmers.co.kr/learn/courses/30/lessons/181948
덧셈식 출력하기,코딩 기초 트레이닝,Lv. 0,"66,202명",89%,https://school.programmers.co.kr/learn/courses/30/lessons/181947
문자열 붙여서 출력하기,코딩 기초 트레이닝,Lv. 0,"69,833명",89%,https://school.programmers.co.kr/learn/courses/30/lessons/181946
문자열 돌리기,코딩 기초 트레이닝,Lv. 0,"60,165명",89%,https://school.programmers.co.kr/learn/courses/30/lessons/181945
홀짝 구분하기,코딩 기초 트레이닝,Lv. 0,"67,791명",89%,https://school.programmers.co.kr/learn/courses/30/lessons/181944
문자열 겹쳐쓰기,코딩 기초 트레이닝,Lv. 0,"50,638명",80%,https://school.programmers.co.kr/learn/courses/30/lessons/181943
문자열 섞기,코딩 기초 트레이닝,Lv. 0,"46,214명",88%,https://school.programmers.co.kr/learn/courses/30/lessons/181942
문자 리스트를 문자열로 변환하기,코딩 기초 트레이닝,Lv. 0,"51,006명",89%,https://school.programmers.co.kr/learn/courses/30/lessons/181941
문자열 곱하기,코딩 기초 트레이닝,Lv. 0,"54,481명",89%,https://school.programmers.co.kr/learn/courses/30/lessons/181940
더 크게 합치기,코딩 기초 트레이닝,Lv. 0,"49,618명",89%,https://school.programmers.co.kr/learn/courses/30/lessons/181939
두 수의 연산값 비교하기,코딩 기초 트레이닝,Lv. 0,"47,981명",89%,https://school.programmers.co.kr/learn/courses/30/lessons/181938
n의 배수,코딩 기초 트레이닝,Lv. 0,"58,670명",89%,https://school.programmers.co.kr/learn/courses/30/lessons/181937
공배수,코딩 기초 트레이닝,Lv. 0,"56,720명",90%,https://school.programmers.co.kr/learn/courses/30/lessons/181936
홀짝에 따라 다른 값 반환하기,코딩 기초 트레이닝,Lv. 0,"46,566명",89%,https://school.programmers.co.kr/learn/courses/30/lessons/181935
조건 문자열,코딩 기초 트레이닝,Lv. 0,"36,613명",84%,https://school.programmers.co.kr/learn/courses/30/lessons/181934
flag에 따라 다른 값 반환하기,코딩 기초 트레이닝,Lv. 0,"54,763명",89%,https://school.programmers.co.kr/learn/courses/30/lessons/181933
코드 처리하기,코딩 기초 트레이닝,Lv. 0,"31,153명",74%,https://school.programmers.co.kr/learn/courses/30/lessons/181932
등차수열의 특정한 항만 더하기,코딩 기초 트레이닝,Lv. 0,"32,015명",88%,https://school.programmers.co.kr/learn/courses/30/lessons/181931
주사위 게임 2,코딩 기초 트레이닝,Lv. 0,"34,673명",89%,https://school.programmers.co.kr/learn/courses/30/lessons/181930
원소들의 곱과 합,코딩 기초 트레이닝,Lv. 0,"41,682명",90%,https://school.programmers.co.kr/learn/courses/30/lessons/181929
이어 붙인 수,코딩 기초 트레이닝,Lv. 0,"39,195명",89%,https://school.programmers.co.kr/learn/courses/30/lessons/181928
마지막 두 원소,코딩 기초 트레이닝,Lv. 0,"37,257명",89%,https://school.programmers.co.kr/learn/courses/30/lessons/181927
수 조작하기 1,코딩 기초 트레이닝,Lv. 0,"38,038명",89%,https://school.programmers.co.kr/learn/courses/30/lessons/181926
수 조작하기 2,코딩 기초 트레이닝,Lv. 0,"29,603명",89%,https://school.programmers.co.kr/learn/courses/30/lessons/181925
수열과 구간 쿼리 3,코딩 기초 트레이닝,Lv. 0,"25,999명",87%,https://school.programmers.co.kr/learn/courses/30/lessons/181924
수열과 구간 쿼리 2,코딩 기초 트레이닝,Lv. 0,"23,127명",83%,https://school.programmers.co.kr/learn/courses/30/lessons/181923
수열과 구간 쿼리 4,코딩 기초 트레이닝,Lv. 0,"21,891명",86%,https://school.programmers.co.kr/learn/courses/30/lessons/181922
배열 만들기 2,코딩 기초 트레이닝,Lv. 0,"22,282명",75%,https://school.programmers.co.kr/learn/courses/30/lessons/181921
카운트 업,코딩 기초 트레이닝,Lv. 0,"36,446명",89%,https://school.programmers.co.kr/learn/courses/30/lessons/181920
콜라츠 수열 만들기,코딩 기초 트레이닝,Lv. 0,"27,140명",89%,https://school.programmers.co.kr/learn/courses/30/lessons/181919
배열 만들기 4,코딩 기초 트레이닝,Lv. 0,"20,854명",84%,https://school.programmers.co.kr/learn/courses/30/lessons/181918
간단한 논리 연산,코딩 기초 트레이닝,Lv. 0,"22,048명",86%,https://school.programmers.co.kr/learn/courses/30/lessons/181917
주사위 게임 3,코딩 기초 트레이닝,Lv. 0,"19,897명",63%,https://school.programmers.co.kr/learn/courses/30/lessons/181916
글자 이어 붙여 문자열 만들기,코딩 기초 트레이닝,Lv. 0,"31,082명",89%,https://school.programmers.co.kr/learn/courses/30/lessons/181915
9로 나눈 나머지,코딩 기초 트레이닝,Lv. 0,"24,646명",89%,https://school.programmers.co.kr/learn/courses/30/lessons/181914
문자열 여러 번 뒤집기,코딩 기초 트레이닝,Lv. 0,"19,140명",84%,https://school.programmers.co.kr/learn/courses/30/lessons/181913
배열 만들기 5,코딩 기초 트레이닝,Lv. 0,"19,923명",87%,https://school.programmers.co.kr/learn/courses/30/lessons/181912
부분 문자열 이어 붙여 문자열 만들기,코딩 기초 트레이닝,Lv. 0,"23,839명",89%,https://school.programmers.co.kr/learn/courses/30/lessons/181911
문자열의 뒤의 n글자,코딩 기초 트레이닝,Lv. 0,"33,835명",89%,https://school.programmers.co.kr/learn/courses/30/lessons/181910
접미사 배열,코딩 기초 트레이닝,Lv. 0,"22,220명",89%,https://school.programmers.co.kr/learn/courses/30/lessons/181909
접미사인지 확인하기,코딩 기초 트레이닝,Lv. 0,"25,981명",89%,https://school.programmers.co.kr/learn/courses/30/lessons/181908
문자열의 앞의 n글자,코딩 기초 트레이닝,Lv. 0,"34,843명",89%,https://school.programmers.co.kr/learn/courses/30/lessons/181907
접두사인지 확인하기,코딩 기초 트레이닝,Lv. 0,"28,340명",89%,https://school.programmers.co.kr/learn/courses/30/lessons/181906
문자열 뒤집기,코딩 기초 트레이닝,Lv. 0,"19,692명",87%,https://school.programmers.co.kr/learn/courses/30/lessons/181905
세로 읽기,코딩 기초 트레이닝,Lv. 0,"19,945명",89%,https://school.programmers.co.kr/learn/courses/30/lessons/181904
qr code,코딩 기초 트레이닝,Lv. 0,"18,972명",85%,https://school.programmers.co.kr/learn/courses/30/lessons/181903
문자 개수 세기,코딩 기초 트레이닝,Lv. 0,"16,973명",84%,https://school.programmers.co.kr/learn/courses/30/lessons/181902
배열 만들기 1,코딩 기초 트레이닝,Lv. 0,"27,855명",89%,https://school.programmers.co.kr/learn/courses/30/lessons/181901
글자 지우기,코딩 기초 트레이닝,Lv. 0,"18,688명",88%,https://school.programmers.co.kr/learn/courses/30/lessons/181900
카운트 다운,코딩 기초 트레이닝,Lv. 0,"28,810명",89%,https://school.programmers.co.kr/learn/courses/30/lessons/181899
가까운 1 찾기,코딩 기초 트레이닝,Lv. 0,"20,865명",89%,https://school.programmers.co.kr/learn/courses/30/lessons/181898
리스트 자르기,코딩 기초 트레이닝,Lv. 0,"17,088명",86%,https://school.programmers.co.kr/learn/courses/30/lessons/181897
첫 번째로 나오는 음수,코딩 기초 트레이닝,Lv. 0,"30,571명",89%,https://school.programmers.co.kr/learn/courses/30/lessons/181896
배열 만들기 3,코딩 기초 트레이닝,Lv. 0,"19,273명",89%,https://school.programmers.co.kr/learn/courses/30/lessons/181895
2의 영역,코딩 기초 트레이닝,Lv. 0,"16,770명",86%,https://school.programmers.co.kr/learn/courses/30/lessons/181894
배열 조각하기,코딩 기초 트레이닝,Lv. 0,"16,764명",75%,https://school.programmers.co.kr/learn/courses/30/lessons/181893
n 번째 원소부터,코딩 기초 트레이닝,Lv. 0,"29,478명",89%,https://school.programmers.co.kr/learn/courses/30/lessons/181892
순서 바꾸기,코딩 기초 트레이닝,Lv. 0,"23,171명",89%,https://school.programmers.co.kr/learn/courses/30/lessons/181891
왼쪽 오른쪽,코딩 기초 트레이닝,Lv. 0,"15,541명",85%,https://school.programmers.co.kr/learn/courses/30/lessons/181890
n 번째 원소까지,코딩 기초 트레이닝,Lv. 0,"31,161명",89%,https://school.programmers.co.kr/learn/courses/30/lessons/181889
n개 간격의 원소들,코딩 기초 트레이닝,Lv. 0,"26,406명",89%,https://school.programmers.co.kr/learn/courses/30/lessons/181888
홀수 vs 짝수,코딩 기초 트레이닝,Lv. 0,"23,669명",89%,https://school.programmers.co.kr/learn/courses/30/lessons/181887
5명씩,코딩 기초 트레이닝,Lv. 0,"23,967명",89%,https://school.programmers.co.kr/learn/courses/30/lessons/181886
할 일 목록,코딩 기초 트레이닝,Lv. 0,"22,603명",89%,https://school.programmers.co.kr/learn/courses/30/lessons/181885
n보다 커질 때까지 더하기,코딩 기초 트레이닝,Lv. 0,"29,303명",89%,https://school.programmers.co.kr/learn/courses/30/lessons/181884
수열과 구간 쿼리 1,코딩 기초 트레이닝,Lv. 0,"16,522명",88%,https://school.programmers.co.kr/learn/courses/30/lessons/181883
조건에 맞게 수열 변환하기 1,코딩 기초 트레이닝,Lv. 0,"27,213명",89%,https://school.programmers.co.kr/learn/courses/30/lessons/181882
조건에 맞게 수열 변환하기 2,코딩 기초 트레이닝,Lv. 0,"14,227명",85%,https://school.programmers.co.kr/learn/courses/30/lessons/181881
1로 만들기,코딩 기초 트레이닝,Lv. 0,"17,348명",88%,https://school.programmers.co.kr/learn/courses/30/lessons/181880
길이에 따른 연산,코딩 기초 트레이닝,Lv. 0,"29,964명",89%,https://school.programmers.co.kr/learn/courses/30/lessons/181879
원하는 문자열 찾기,코딩 기초 트레이닝,Lv. 0,"24,634명",89%,https://school.programmers.co.kr/learn/courses/30/lessons/181878
대문자로 바꾸기,코딩 기초 트레이닝,Lv. 0,"34,003명",89%,https://school.programmers.co.kr/learn/courses/30/lessons/181877
소문자로 바꾸기,코딩 기초 트레이닝,Lv. 0,"32,527명",89%,https://school.programmers.co.kr/learn/courses/30/lessons/181876
배열에서 문자열 대소문자 변환하기,코딩 기초 트레이닝,Lv. 0,"23,977명",89%,https://school.programmers.co.kr/learn/courses/30/lessons/181875
A 강조하기,코딩 기초 트레이닝,Lv. 0,"23,330명",89%,https://school.programmers.co.kr/learn/courses/30/lessons/181874
특정한 문자를 대문자로 바꾸기,코딩 기초 트레이닝,Lv. 0,"25,947명",89%,https://school.programmers.co.kr/learn/courses/30/lessons/181873
특정 문자열로 끝나는 가장 긴 부분 문자열 찾기,코딩 기초 트레이닝,Lv. 0,"15,502명",87%,https://school.programmers.co.kr/learn/courses/30/lessons/181872
문자열이 몇 번 등장하는지 세기,코딩 기초 트레이닝,Lv. 0,"15,809명",87%,https://school.programmers.co.kr/learn/courses/30/lessons/181871
ad 제거하기,코딩 기초 트레이닝,Lv. 0,"20,567명",89%,https://school.programmers.co.kr/learn/courses/30/lessons/181870
공백으로 구분하기 1,코딩 기초 트레이닝,Lv. 0,"25,667명",89%,https://school.programmers.co.kr/learn/courses/30/lessons/181869
공백으로 구분하기 2,코딩 기초 트레이닝,Lv. 0,"21,895명",89%,https://school.programmers.co.kr/learn/courses/30/lessons/181868
x 사이의 개수,코딩 기초 트레이닝,Lv. 0,"20,051명",89%,https://school.programmers.co.kr/learn/courses/30/lessons/181867
문자열 잘라서 정렬하기,코딩 기초 트레이닝,Lv. 0,"17,214명",89%,https://school.programmers.co.kr/learn/courses/30/lessons/181866
간단한 식 계산하기,코딩 기초 트레이닝,Lv. 0,"18,539명",89%,https://school.programmers.co.kr/learn/courses/30/lessons/181865
문자열 바꿔서 찾기,코딩 기초 트레이닝,Lv. 0,"22,152명",89%,https://school.programmers.co.kr/learn/courses/30/lessons/181864
rny_string,코딩 기초 트레이닝,Lv. 0,"26,935명",89%,https://school.programmers.co.kr/learn/courses/30/lessons/181863
세 개의 구분자,코딩 기초 트레이닝,Lv. 0,"14,533명",87%,https://school.programmers.co.kr/learn/courses/30/lessons/181862
배열의 원소만큼 추가하기,코딩 기초 트레이닝,Lv. 0,"22,564명",89%,https://school.programmers.co.kr/learn/courses/30/lessons/181861
"빈 배열에 추가, 삭제하기",코딩 기초 트레이닝,Lv. 0,"15,588명",87%,https://school.programmers.co.kr/learn/courses/30/lessons/181860
배열 만들기 6,코딩 기초 트레이닝,Lv. 0,"13,523명",85%,https://school.programmers.co.kr/learn/courses/30/lessons/181859
무작위로 K개의 수 뽑기,코딩 기초 트레이닝,Lv. 0,"13,889명",82%,https://school.programmers.co.kr/learn/courses/30/lessons/181858
배열의 길이를 2의 거듭제곱으로 만들기,코딩 기초 트레이닝,Lv. 0,"14,201명",87%,https://school.programmers.co.kr/learn/courses/30/lessons/181857
배열 비교하기,코딩 기초 트레이닝,Lv. 0,"23,502명",89%,https://school.programmers.co.kr/learn/courses/30/lessons/181856
문자열 묶기,코딩 기초 트레이닝,Lv. 0,"14,351명",87%,https://school.programmers.co.kr/learn/courses/30/lessons/181855
배열의 길이에 따라 다른 연산하기,코딩 기초 트레이닝,Lv. 0,"22,726명",89%,https://school.programmers.co.kr/learn/courses/30/lessons/181854
뒤에서 5등까지,코딩 기초 트레이닝,Lv. 0,"25,435명",89%,https://school.programmers.co.kr/learn/courses/30/lessons/181853
뒤에서 5등 위로,코딩 기초 트레이닝,Lv. 0,"24,610명",89%,https://school.programmers.co.kr/learn/courses/30/lessons/181852
전국 대회 선발 고사,코딩 기초 트레이닝,Lv. 0,"13,624명",79%,https://school.programmers.co.kr/learn/courses/30/lessons/181851
정수 부분,코딩 기초 트레이닝,Lv. 0,"34,587명",89%,https://school.programmers.co.kr/learn/courses/30/lessons/181850
문자열 정수의 합,코딩 기초 트레이닝,Lv. 0,"26,817명",89%,https://school.programmers.co.kr/learn/courses/30/lessons/181849
문자열을 정수로 변환하기,코딩 기초 트레이닝,Lv. 0,"33,442명",89%,https://school.programmers.co.kr/learn/courses/30/lessons/181848
0 떼기,코딩 기초 트레이닝,Lv. 0,"21,607명",89%,https://school.programmers.co.kr/learn/courses/30/lessons/181847
두 수의 합,코딩 기초 트레이닝,Lv. 0,"14,560명",83%,https://school.programmers.co.kr/learn/courses/30/lessons/181846
문자열로 변환,코딩 기초 트레이닝,Lv. 0,"31,977명",89%,https://school.programmers.co.kr/learn/courses/30/lessons/181845
배열의 원소 삭제하기,코딩 기초 트레이닝,Lv. 0,"20,177명",89%,https://school.programmers.co.kr/learn/courses/30/lessons/181844
부분 문자열인지 확인하기,코딩 기초 트레이닝,Lv. 0,"24,995명",89%,https://school.programmers.co.kr/learn/courses/30/lessons/181843
부분 문자열,코딩 기초 트레이닝,Lv. 0,"24,181명",89%,https://school.programmers.co.kr/learn/courses/30/lessons/181842
꼬리 문자열,코딩 기초 트레이닝,Lv. 0,"21,074명",89%,https://school.programmers.co.kr/learn/courses/30/lessons/181841
정수 찾기,코딩 기초 트레이닝,Lv. 0,"29,695명",89%,https://school.programmers.co.kr/learn/courses/30/lessons/181840
주사위 게임 1,코딩 기초 트레이닝,Lv. 0,"23,480명",89%,https://school.programmers.co.kr/learn/courses/30/lessons/181839
날짜 비교하기,코딩 기초 트레이닝,Lv. 0,"16,035명",88%,https://school.programmers.co.kr/learn/courses/30/lessons/181838
커피 심부름,코딩 기초 트레이닝,Lv. 0,"15,233명",85%,https://school.programmers.co.kr/learn/courses/30/lessons/181837
그림 확대,코딩 기초 트레이닝,Lv. 0,"12,507명",81%,https://school.programmers.co.kr/learn/courses/30/lessons/181836
조건에 맞게 수열 변환하기 3,코딩 기초 트레이닝,Lv. 0,"25,378명",89%,https://school.programmers.co.kr/learn/courses/30/lessons/181835
l로 만들기,코딩 기초 트레이닝,Lv. 0,"19,323명",88%,https://school.programmers.co.kr/learn/courses/30/lessons/181834
특별한 이차원 배열 1,코딩 기초 트레이닝,Lv. 0,"16,329명",89%,https://school.programmers.co.kr/learn/courses/30/lessons/181833
정수를 나선형으로 배치하기,코딩 기초 트레이닝,Lv. 0,"14,093명",49%,https://school.programmers.co.kr/learn/courses/30/lessons/181832
특별한 이차원 배열 2,코딩 기초 트레이닝,Lv. 0,"16,327명",88%,https://school.programmers.co.kr/learn/courses/30/lessons/181831
정사각형으로 만들기,코딩 기초 트레이닝,Lv. 0,"12,438명",80%,https://school.programmers.co.kr/learn/courses/30/lessons/181830
이차원 배열 대각선 순회하기,코딩 기초 트레이닝,Lv. 0,"15,176명",88%,https://school.programmers.co.kr/learn/courses/30/lessons/181829
요격 시스템,연습문제,Lv. 2,"13,901명",42%,https://school.programmers.co.kr/learn/courses/30/lessons/181188
두 원 사이의 정수 쌍,연습문제,Lv. 2,"8,350명",41%,https://school.programmers.co.kr/learn/courses/30/lessons/181187
아방가르드 타일링,연습문제,Lv. 3,933명,11%,https://school.programmers.co.kr/learn/courses/30/lessons/181186
달리기 경주,연습문제,Lv. 1,"28,875명",50%,https://school.programmers.co.kr/learn/courses/30/lessons/178871
연속된 부분 수열의 합,연습문제,Lv. 2,"15,476명",56%,https://school.programmers.co.kr/learn/courses/30/lessons/178870
추억 점수,연습문제,Lv. 1,"35,683명",71%,https://school.programmers.co.kr/learn/courses/30/lessons/176963
과제 진행하기,연습문제,Lv. 2,"8,909명",44%,https://school.programmers.co.kr/learn/courses/30/lessons/176962
공원 산책,연습문제,Lv. 1,"20,101명",49%,https://school.programmers.co.kr/learn/courses/30/lessons/172928
광물 캐기,연습문제,Lv. 2,"9,689명",47%,https://school.programmers.co.kr/learn/courses/30/lessons/172927
리코쳇 로봇,연습문제,Lv. 2,"9,468명",52%,https://school.programmers.co.kr/learn/courses/30/lessons/169199
당구 연습,연습문제,Lv. 2,"4,188명",23%,https://school.programmers.co.kr/learn/courses/30/lessons/169198
조건에 부합하는 중고거래 댓글 조회하기,SELECT,Lv. 1,"39,253명",71%,https://school.programmers.co.kr/learn/courses/30/lessons/164673
조건에 부합하는 중고거래 상태 조회하기,"String, Date",Lv. 2,"22,443명",83%,https://school.programmers.co.kr/learn/courses/30/lessons/164672
조회수가 가장 많은 중고거래 게시판의 첨부파일 조회하기,"String, Date",Lv. 3,"17,824명",79%,https://school.programmers.co.kr/learn/courses/30/lessons/164671
조건에 맞는 사용자 정보 조회하기,"String, Date",Lv. 3,"16,434명",83%,https://school.programmers.co.kr/learn/courses/30/lessons/164670
조건에 맞는 사용자와 총 거래금액 조회하기,GROUP BY,Lv. 3,"22,713명",87%,https://school.programmers.co.kr/learn/courses/30/lessons/164668
바탕화면 정리,연습문제,Lv. 1,"22,526명",53%,https://school.programmers.co.kr/learn/courses/30/lessons/161990
덧칠하기,연습문제,Lv. 1,"23,616명",66%,https://school.programmers.co.kr/learn/courses/30/lessons/161989
연속 펄스 부분 수열의 합,연습문제,Lv. 3,"6,055명",50%,https://school.programmers.co.kr/learn/courses/30/lessons/161988
대충 만든 자판,연습문제,Lv. 1,"19,598명",61%,https://school.programmers.co.kr/learn/courses/30/lessons/160586
혼자서 하는 틱택토,연습문제,Lv. 2,"6,517명",42%,https://school.programmers.co.kr/learn/courses/30/lessons/160585
카드 뭉치,연습문제,Lv. 1,"29,258명",72%,https://school.programmers.co.kr/learn/courses/30/lessons/159994
미로 탈출,연습문제,Lv. 2,"12,147명",55%,https://school.programmers.co.kr/learn/courses/30/lessons/159993
특정 옵션이 포함된 자동차 리스트 구하기,"String, Date",Lv. 1,"26,045명",85%,https://school.programmers.co.kr/learn/courses/30/lessons/157343
자동차 평균 대여 기간 구하기,"String, Date",Lv. 2,"20,456명",79%,https://school.programmers.co.kr/learn/courses/30/lessons/157342
대여 기록이 존재하는 자동차 리스트 구하기,"String, Date",Lv. 3,"18,131명",87%,https://school.programmers.co.kr/learn/courses/30/lessons/157341
자동차 대여 기록에서 대여중 / 대여 가능 여부 구분하기,GROUP BY,Lv. 3,"20,481명",79%,https://school.programmers.co.kr/learn/courses/30/lessons/157340
특정 기간동안 대여 가능한 자동차들의 대여비용 구하기,JOIN,Lv. 4,"14,675명",53%,https://school.programmers.co.kr/learn/courses/30/lessons/157339
둘만의 암호,연습문제,Lv. 1,"21,511명",62%,https://school.programmers.co.kr/learn/courses/30/lessons/155652
호텔 대실,연습문제,Lv. 2,"12,093명",55%,https://school.programmers.co.kr/learn/courses/30/lessons/155651
무인도 여행,연습문제,Lv. 2,"13,306명",50%,https://school.programmers.co.kr/learn/courses/30/lessons/154540
뒤에 있는 큰 수 찾기,연습문제,Lv. 2,"16,243명",64%,https://school.programmers.co.kr/learn/courses/30/lessons/154539
숫자 변환하기,연습문제,Lv. 2,"12,923명",62%,https://school.programmers.co.kr/learn/courses/30/lessons/154538
시소 짝꿍,연습문제,Lv. 2,"8,685명",56%,https://school.programmers.co.kr/learn/courses/30/lessons/152996
인사고과,연습문제,Lv. 3,"5,324명",45%,https://school.programmers.co.kr/learn/courses/30/lessons/152995
자동차 대여 기록 별 대여 금액 구하기,"String, Date",Lv. 4,"9,559명",54%,https://school.programmers.co.kr/learn/courses/30/lessons/151141
대여 횟수가 많은 자동차들의 월별 대여 횟수 구하기,GROUP BY,Lv. 3,"19,005명",75%,https://school.programmers.co.kr/learn/courses/30/lessons/151139
자동차 대여 기록에서 장기/단기 대여 구분하기,"String, Date",Lv. 1,"22,809명",79%,https://school.programmers.co.kr/learn/courses/30/lessons/151138
자동차 종류 별 특정 옵션이 포함된 자동차 수 구하기,GROUP BY,Lv. 2,"28,559명",90%,https://school.programmers.co.kr/learn/courses/30/lessons/151137
평균 일일 대여 요금 구하기,SELECT,Lv. 1,"48,637명",85%,https://school.programmers.co.kr/learn/courses/30/lessons/151136
개인정보 수집 유효기간,2023 KAKAO BLIND RECRUITMENT,Lv. 1,"26,515명",51%,https://school.programmers.co.kr/learn/courses/30/lessons/150370
택배 배달과 수거하기,2023 KAKAO BLIND RECRUITMENT,Lv. 2,"9,927명",38%,https://school.programmers.co.kr/learn/courses/30/lessons/150369
이모티콘 할인행사,2023 KAKAO BLIND RECRUITMENT,Lv. 2,"10,434명",44%,https://school.programmers.co.kr/learn/courses/30/lessons/150368
표현 가능한 이진트리,2023 KAKAO BLIND RECRUITMENT,Lv. 3,"5,029명",35%,https://school.programmers.co.kr/learn/courses/30/lessons/150367
표 병합,2023 KAKAO BLIND RECRUITMENT,Lv. 3,"3,109명",31%,https://school.programmers.co.kr/learn/courses/30/lessons/150366
미로 탈출 명령어,2023 KAKAO BLIND RECRUITMENT,Lv. 3,"5,469명",40%,https://school.programmers.co.kr/learn/courses/30/lessons/150365
"1,2,3 떨어트리기",2023 KAKAO BLIND RECRUITMENT,Lv. 4,967명,8%,https://school.programmers.co.kr/learn/courses/30/lessons/150364
마법의 엘리베이터,연습문제,Lv. 2,"10,241명",56%,https://school.programmers.co.kr/learn/courses/30/lessons/148653
유사 칸토어 비트열,연습문제,Lv. 2,"3,134명",25%,https://school.programmers.co.kr/learn/courses/30/lessons/148652
크기가 작은 부분 문자열,연습문제,Lv. 1,"37,219명",79%,https://school.programmers.co.kr/learn/courses/30/lessons/147355
테이블 해시 함수,연습문제,Lv. 2,"6,842명",50%,https://school.programmers.co.kr/learn/courses/30/lessons/147354
저자 별 카테고리 별 매출액 집계하기,GROUP BY,Lv. 4,"19,279명",78%,https://school.programmers.co.kr/learn/courses/30/lessons/144856
카테고리 별 도서 판매량 집계하기,GROUP BY,Lv. 3,"25,374명",88%,https://school.programmers.co.kr/learn/courses/30/lessons/144855
조건에 맞는 도서와 저자 리스트 출력하기,JOIN,Lv. 2,"34,781명",89%,https://school.programmers.co.kr/learn/courses/30/lessons/144854
조건에 맞는 도서 리스트 출력하기,SELECT,Lv. 1,"40,148명",87%,https://school.programmers.co.kr/learn/courses/30/lessons/144853
가장 가까운 같은 글자,연습문제,Lv. 1,"32,196명",75%,https://school.programmers.co.kr/learn/courses/30/lessons/142086
디펜스 게임,연습문제,Lv. 2,"8,169명",52%,https://school.programmers.co.kr/learn/courses/30/lessons/142085
문자열 나누기,연습문제,Lv. 1,"22,561명",61%,https://school.programmers.co.kr/learn/courses/30/lessons/140108
점 찍기,연습문제,Lv. 2,"9,303명",43%,https://school.programmers.co.kr/learn/courses/30/lessons/140107
쌍둥이 빌딩 숲,연습문제,Lv. 4,433명,11%,https://school.programmers.co.kr/learn/courses/30/lessons/140105
명예의 전당 (1),연습문제,Lv. 1,"26,036명",73%,https://school.programmers.co.kr/learn/courses/30/lessons/138477
귤 고르기,연습문제,Lv. 2,"25,893명",73%,https://school.programmers.co.kr/learn/courses/30/lessons/138476
억억단을 외우자,연습문제,Lv. 3,"1,854명",25%,https://school.programmers.co.kr/learn/courses/30/lessons/138475
기사단원의 무기,연습문제,Lv. 1,"23,425명",68%,https://school.programmers.co.kr/learn/courses/30/lessons/136798
숫자 타자 대회,연습문제,Lv. 3,"1,429명",22%,https://school.programmers.co.kr/learn/courses/30/lessons/136797
과일 장수,연습문제,Lv. 1,"28,861명",65%,https://school.programmers.co.kr/learn/courses/30/lessons/135808
숫자 카드 나누기,연습문제,Lv. 2,"7,786명",55%,https://school.programmers.co.kr/learn/courses/30/lessons/135807
푸드 파이트 대회,연습문제,Lv. 1,"30,114명",74%,https://school.programmers.co.kr/learn/courses/30/lessons/134240
우박수열 정적분,연습문제,Lv. 2,"4,949명",48%,https://school.programmers.co.kr/learn/courses/30/lessons/134239
햄버거 만들기,연습문제,Lv. 1,"20,880명",59%,https://school.programmers.co.kr/learn/courses/30/lessons/133502
등대,연습문제,Lv. 3,"1,919명",28%,https://school.programmers.co.kr/learn/courses/30/lessons/133500
옹알이 (2),연습문제,Lv. 1,"18,528명",65%,https://school.programmers.co.kr/learn/courses/30/lessons/133499
주문량이 많은 아이스크림들 조회하기,JOIN,Lv. 4,"24,470명",75%,https://school.programmers.co.kr/learn/courses/30/lessons/133027
성분으로 구분한 아이스크림 총 주문량,GROUP BY,Lv. 2,"30,400명",89%,https://school.programmers.co.kr/learn/courses/30/lessons/133026
과일로 만든 아이스크림 고르기,SELECT,Lv. 1,"42,507명",85%,https://school.programmers.co.kr/learn/courses/30/lessons/133025
인기있는 아이스크림,SELECT,Lv. 1,"44,067명",91%,https://school.programmers.co.kr/learn/courses/30/lessons/133024
콜라 문제,연습문제,Lv. 1,"28,760명",73%,https://school.programmers.co.kr/learn/courses/30/lessons/132267
부대복귀,연습문제,Lv. 3,"5,759명",51%,https://school.programmers.co.kr/learn/courses/30/lessons/132266
롤케이크 자르기,연습문제,Lv. 2,"14,259명",66%,https://school.programmers.co.kr/learn/courses/30/lessons/132265
취소되지 않은 진료 예약 조회하기,"String, Date",Lv. 4,"14,342명",81%,https://school.programmers.co.kr/learn/courses/30/lessons/132204
흉부외과 또는 일반외과 의사 목록 출력하기,SELECT,Lv. 1,"44,035명",91%,https://school.programmers.co.kr/learn/courses/30/lessons/132203
진료과별 총 예약 횟수 출력하기,GROUP BY,Lv. 2,"30,320명",90%,https://school.programmers.co.kr/learn/courses/30/lessons/132202
12세 이하인 여자 환자 목록 출력하기,SELECT,Lv. 1,"42,310명",90%,https://school.programmers.co.kr/learn/courses/30/lessons/132201
삼총사,연습문제,Lv. 1,"33,828명",78%,https://school.programmers.co.kr/learn/courses/30/lessons/131705
택배상자,연습문제,Lv. 2,"11,274명",62%,https://school.programmers.co.kr/learn/courses/30/lessons/131704
2차원 동전 뒤집기,연습문제,Lv. 3,"1,571명",29%,https://school.programmers.co.kr/learn/courses/30/lessons/131703
고고학 최고의 발견,연습문제,Lv. 3,834명,15%,https://school.programmers.co.kr/learn/courses/30/lessons/131702
연속 부분 수열 합의 개수,연습문제,Lv. 2,"18,219명",71%,https://school.programmers.co.kr/learn/courses/30/lessons/131701
가장 비싼 상품 구하기,"SUM, MAX, MIN",Lv. 1,"43,942명",91%,https://school.programmers.co.kr/learn/courses/30/lessons/131697
오프라인/온라인 판매 데이터 통합하기,SELECT,Lv. 4,"27,080명",69%,https://school.programmers.co.kr/learn/courses/30/lessons/131537
재구매가 일어난 상품과 회원 리스트 구하기,SELECT,Lv. 2,"45,990명",78%,https://school.programmers.co.kr/learn/courses/30/lessons/131536
조건에 맞는 회원수 구하기,SELECT,Lv. 1,"44,419명",91%,https://school.programmers.co.kr/learn/courses/30/lessons/131535
상품을 구매한 회원 비율 구하기,JOIN,Lv. 5,"14,425명",48%,https://school.programmers.co.kr/learn/courses/30/lessons/131534
상품 별 오프라인 매출 구하기,JOIN,Lv. 2,"33,048명",88%,https://school.programmers.co.kr/learn/courses/30/lessons/131533
"년, 월, 성별 별 상품 구매 회원 수 구하기",GROUP BY,Lv. 4,"19,841명",76%,https://school.programmers.co.kr/learn/courses/30/lessons/131532
가격대 별 상품 개수 구하기,GROUP BY,Lv. 2,"25,315명",85%,https://school.programmers.co.kr/learn/courses/30/lessons/131530
카테고리 별 상품 개수 구하기,"String, Date",Lv. 2,"23,979명",91%,https://school.programmers.co.kr/learn/courses/30/lessons/131529
나이 정보가 없는 회원 수 구하기,IS NULL,Lv. 1,"35,458명",91%,https://school.programmers.co.kr/learn/courses/30/lessons/131528
혼자 놀기의 달인,연습문제,Lv. 2,"7,507명",38%,https://school.programmers.co.kr/learn/courses/30/lessons/131130
카운트 다운,연습문제,Lv. 3,"1,846명",32%,https://school.programmers.co.kr/learn/courses/30/lessons/131129
숫자 짝꿍,연습문제,Lv. 1,"20,502명",58%,https://school.programmers.co.kr/learn/courses/30/lessons/131128
할인 행사,연습문제,Lv. 2,"20,291명",70%,https://school.programmers.co.kr/learn/courses/30/lessons/131127
그룹별 조건에 맞는 식당 목록 출력하기,JOIN,Lv. 4,"19,141명",74%,https://school.programmers.co.kr/learn/courses/30/lessons/131124
즐겨찾기가 가장 많은 식당 정보 출력하기,GROUP BY,Lv. 3,"25,671명",85%,https://school.programmers.co.kr/learn/courses/30/lessons/131123
3월에 태어난 여성 회원 목록 출력하기,SELECT,Lv. 2,"43,033명",87%,https://school.programmers.co.kr/learn/courses/30/lessons/131120
서울에 위치한 식당 목록 출력하기,SELECT,Lv. 4,"28,965명",77%,https://school.programmers.co.kr/learn/courses/30/lessons/131118
5월 식품들의 총매출 조회하기,JOIN,Lv. 4,"22,607명",86%,https://school.programmers.co.kr/learn/courses/30/lessons/131117
식품분류별 가장 비싼 식품의 정보 조회하기,GROUP BY,Lv. 4,"20,125명",86%,https://school.programmers.co.kr/learn/courses/30/lessons/131116
가격이 제일 비싼 식품의 정보 출력하기,"SUM, MAX, MIN",Lv. 2,"41,379명",91%,https://school.programmers.co.kr/learn/courses/30/lessons/131115
경기도에 위치한 식품창고 목록 출력하기,IS NULL,Lv. 1,"35,345명",91%,https://school.programmers.co.kr/learn/courses/30/lessons/131114
조건별로 분류하여 주문상태 출력하기,"String, Date",Lv. 3,"19,690명",88%,https://school.programmers.co.kr/learn/courses/30/lessons/131113
강원도에 위치한 생산공장 목록 출력하기,SELECT,Lv. 1,"44,396명",91%,https://school.programmers.co.kr/learn/courses/30/lessons/131112
옹알이 (1),코딩테스트 입문,Lv. 0,"30,652명",39%,https://school.programmers.co.kr/learn/courses/30/lessons/120956
다음에 올 숫자,코딩테스트 입문,Lv. 0,"24,790명",68%,https://school.programmers.co.kr/learn/courses/30/lessons/120924
연속된 수의 합,코딩테스트 입문,Lv. 0,"22,299명",67%,https://school.programmers.co.kr/learn/courses/30/lessons/120923
종이 자르기,코딩테스트 입문,Lv. 0,"23,652명",79%,https://school.programmers.co.kr/learn/courses/30/lessons/120922
문자열 밀기,코딩테스트 입문,Lv. 0,"20,380명",76%,https://school.programmers.co.kr/learn/courses/30/lessons/120921
잘라서 배열로 저장하기,코딩테스트 입문,Lv. 0,"23,663명",85%,https://school.programmers.co.kr/learn/courses/30/lessons/120913
7의 개수,코딩테스트 입문,Lv. 0,"26,570명",86%,https://school.programmers.co.kr/learn/courses/30/lessons/120912
문자열 정렬하기 (2),코딩테스트 입문,Lv. 0,"30,175명",89%,https://school.programmers.co.kr/learn/courses/30/lessons/120911
세균 증식,코딩테스트 입문,Lv. 0,"45,096명",90%,https://school.programmers.co.kr/learn/courses/30/lessons/120910
제곱수 판별하기,코딩테스트 입문,Lv. 0,"39,410명",90%,https://school.programmers.co.kr/learn/courses/30/lessons/120909
문자열안에 문자열,코딩테스트 입문,Lv. 0,"41,681명",90%,https://school.programmers.co.kr/learn/courses/30/lessons/120908
OX퀴즈,코딩테스트 입문,Lv. 0,"21,716명",71%,https://school.programmers.co.kr/learn/courses/30/lessons/120907
자릿수 더하기,코딩테스트 입문,Lv. 0,"41,928명",90%,https://school.programmers.co.kr/learn/courses/30/lessons/120906
n의 배수 고르기,코딩테스트 입문,Lv. 0,"37,446명",90%,https://school.programmers.co.kr/learn/courses/30/lessons/120905
숫자 찾기,코딩테스트 입문,Lv. 0,"29,151명",89%,https://school.programmers.co.kr/learn/courses/30/lessons/120904
배열의 유사도,코딩테스트 입문,Lv. 0,"42,392명",90%,https://school.programmers.co.kr/learn/courses/30/lessons/120903
문자열 계산하기,코딩테스트 입문,Lv. 0,"21,882명",83%,https://school.programmers.co.kr/learn/courses/30/lessons/120902
가장 큰 수 찾기,코딩테스트 입문,Lv. 0,"34,938명",90%,https://school.programmers.co.kr/learn/courses/30/lessons/120899
편지,코딩테스트 입문,Lv. 0,"51,906명",90%,https://school.programmers.co.kr/learn/courses/30/lessons/120898
약수 구하기,코딩테스트 입문,Lv. 0,"31,459명",90%,https://school.programmers.co.kr/learn/courses/30/lessons/120897
한 번만 등장한 문자,코딩테스트 입문,Lv. 0,"24,003명",86%,https://school.programmers.co.kr/learn/courses/30/lessons/120896
인덱스 바꾸기,코딩테스트 입문,Lv. 0,"30,214명",89%,https://school.programmers.co.kr/learn/courses/30/lessons/120895
영어가 싫어요,코딩테스트 입문,Lv. 0,"22,684명",82%,https://school.programmers.co.kr/learn/courses/30/lessons/120894
대문자와 소문자,코딩테스트 입문,Lv. 0,"34,584명",90%,https://school.programmers.co.kr/learn/courses/30/lessons/120893
암호 해독,코딩테스트 입문,Lv. 0,"33,855명",89%,https://school.programmers.co.kr/learn/courses/30/lessons/120892
369게임,코딩테스트 입문,Lv. 0,"30,266명",89%,https://school.programmers.co.kr/learn/courses/30/lessons/120891
가까운 수,코딩테스트 입문,Lv. 0,"23,410명",86%,https://school.programmers.co.kr/learn/courses/30/lessons/120890
삼각형의 완성조건 (1),코딩테스트 입문,Lv. 0,"42,992명",90%,https://school.programmers.co.kr/learn/courses/30/lessons/120889
중복된 문자 제거,코딩테스트 입문,Lv. 0,"27,956명",87%,https://school.programmers.co.kr/learn/courses/30/lessons/120888
k의 개수,코딩테스트 입문,Lv. 0,"23,439명",86%,https://school.programmers.co.kr/learn/courses/30/lessons/120887
A로 B 만들기,코딩테스트 입문,Lv. 0,"24,319명",87%,https://school.programmers.co.kr/learn/courses/30/lessons/120886
이진수 더하기,코딩테스트 입문,Lv. 0,"19,134명",83%,https://school.programmers.co.kr/learn/courses/30/lessons/120885
치킨 쿠폰,코딩테스트 입문,Lv. 0,"18,906명",77%,https://school.programmers.co.kr/learn/courses/30/lessons/120884
로그인 성공?,코딩테스트 입문,Lv. 0,"20,807명",78%,https://school.programmers.co.kr/learn/courses/30/lessons/120883
등수 매기기,코딩테스트 입문,Lv. 0,"17,484명",77%,https://school.programmers.co.kr/learn/courses/30/lessons/120882
특이한 정렬,코딩테스트 입문,Lv. 0,"16,756명",74%,https://school.programmers.co.kr/learn/courses/30/lessons/120880
유한소수 판별하기,코딩테스트 입문,Lv. 0,"15,537명",75%,https://school.programmers.co.kr/learn/courses/30/lessons/120878
겹치는 선분의 길이,코딩테스트 입문,Lv. 0,"16,059명",62%,https://school.programmers.co.kr/learn/courses/30/lessons/120876
평행,코딩테스트 입문,Lv. 0,"18,138명",55%,https://school.programmers.co.kr/learn/courses/30/lessons/120875
저주의 숫자 3,코딩테스트 입문,Lv. 0,"18,965명",77%,https://school.programmers.co.kr/learn/courses/30/lessons/120871
외계어 사전,코딩테스트 입문,Lv. 0,"20,595명",78%,https://school.programmers.co.kr/learn/courses/30/lessons/120869
삼각형의 완성조건 (2),코딩테스트 입문,Lv. 0,"19,864명",82%,https://school.programmers.co.kr/learn/courses/30/lessons/120868
안전지대,코딩테스트 입문,Lv. 0,"18,883명",64%,https://school.programmers.co.kr/learn/courses/30/lessons/120866
숨어있는 숫자의 덧셈 (2),코딩테스트 입문,Lv. 0,"21,102명",86%,https://school.programmers.co.kr/learn/courses/30/lessons/120864
다항식 더하기,코딩테스트 입문,Lv. 0,"16,716명",74%,https://school.programmers.co.kr/learn/courses/30/lessons/120863
최댓값 만들기 (2),코딩테스트 입문,Lv. 0,"29,151명",89%,https://school.programmers.co.kr/learn/courses/30/lessons/120862
캐릭터의 좌표,코딩테스트 입문,Lv. 0,"20,032명",79%,https://school.programmers.co.kr/learn/courses/30/lessons/120861
직사각형 넓이 구하기,코딩테스트 입문,Lv. 0,"19,836명",78%,https://school.programmers.co.kr/learn/courses/30/lessons/120860
배열 원소의 길이,코딩테스트 입문,Lv. 0,"47,852명",90%,https://school.programmers.co.kr/learn/courses/30/lessons/120854
컨트롤 제트,코딩테스트 입문,Lv. 0,"24,386명",85%,https://school.programmers.co.kr/learn/courses/30/lessons/120853
소인수분해,코딩테스트 입문,Lv. 0,"20,984명",84%,https://school.programmers.co.kr/learn/courses/30/lessons/120852
숨어있는 숫자의 덧셈 (1),코딩테스트 입문,Lv. 0,"36,588명",90%,https://school.programmers.co.kr/learn/courses/30/lessons/120851
문자열 정렬하기 (1),코딩테스트 입문,Lv. 0,"32,144명",89%,https://school.programmers.co.kr/learn/courses/30/lessons/120850
모음 제거,코딩테스트 입문,Lv. 0,"39,129명",90%,https://school.programmers.co.kr/learn/courses/30/lessons/120849
팩토리얼,코딩테스트 입문,Lv. 0,"25,889명",86%,https://school.programmers.co.kr/learn/courses/30/lessons/120848
최댓값 만들기(1),코딩테스트 입문,Lv. 0,"46,074명",90%,https://school.programmers.co.kr/learn/courses/30/lessons/120847
합성수 찾기,코딩테스트 입문,Lv. 0,"27,118명",88%,https://school.programmers.co.kr/learn/courses/30/lessons/120846
주사위의 개수,코딩테스트 입문,Lv. 0,"31,791명",89%,https://school.programmers.co.kr/learn/courses/30/lessons/120845
배열 회전시키기,코딩테스트 입문,Lv. 0,"29,419명",89%,https://school.programmers.co.kr/learn/courses/30/lessons/120844
공 던지기,코딩테스트 입문,Lv. 0,"23,388명",83%,https://school.programmers.co.kr/learn/courses/30/lessons/120843
2차원으로 만들기,코딩테스트 입문,Lv. 0,"26,173명",87%,https://school.programmers.co.kr/learn/courses/30/lessons/120842
점의 위치 구하기,코딩테스트 입문,Lv. 0,"47,239명",90%,https://school.programmers.co.kr/learn/courses/30/lessons/120841
구슬을 나누는 경우의 수,코딩테스트 입문,Lv. 0,"22,526명",82%,https://school.programmers.co.kr/learn/courses/30/lessons/120840
가위 바위 보,코딩테스트 입문,Lv. 0,"36,822명",89%,https://school.programmers.co.kr/learn/courses/30/lessons/120839
모스부호 (1),코딩테스트 입문,Lv. 0,"27,121명",86%,https://school.programmers.co.kr/learn/courses/30/lessons/120838
개미 군단,코딩테스트 입문,Lv. 0,"39,287명",89%,https://school.programmers.co.kr/learn/courses/30/lessons/120837
순서쌍의 개수,코딩테스트 입문,Lv. 0,"41,105명",90%,https://school.programmers.co.kr/learn/courses/30/lessons/120836
진료순서 정하기,코딩테스트 입문,Lv. 0,"27,657명",86%,https://school.programmers.co.kr/learn/courses/30/lessons/120835
외계행성의 나이,코딩테스트 입문,Lv. 0,"31,558명",88%,https://school.programmers.co.kr/learn/courses/30/lessons/120834
배열 자르기,코딩테스트 입문,Lv. 0,"48,858명",90%,https://school.programmers.co.kr/learn/courses/30/lessons/120833
짝수의 합,코딩테스트 입문,Lv. 0,"71,751명",90%,https://school.programmers.co.kr/learn/courses/30/lessons/120831
양꼬치,코딩테스트 입문,Lv. 0,"66,457명",90%,https://school.programmers.co.kr/learn/courses/30/lessons/120830
각도기,코딩테스트 입문,Lv. 0,"76,409명",90%,https://school.programmers.co.kr/learn/courses/30/lessons/120829
특정 문자 제거하기,코딩테스트 입문,Lv. 0,"47,239명",90%,https://school.programmers.co.kr/learn/courses/30/lessons/120826
문자 반복 출력하기,코딩테스트 입문,Lv. 0,"45,447명",90%,https://school.programmers.co.kr/learn/courses/30/lessons/120825
짝수 홀수 개수,코딩테스트 입문,Lv. 0,"52,702명",90%,https://school.programmers.co.kr/learn/courses/30/lessons/120824
직각삼각형 출력하기,코딩테스트 입문,Lv. 0,"35,698명",89%,https://school.programmers.co.kr/learn/courses/30/lessons/120823
뒤집힌 문자열,코딩테스트 입문,Lv. 0,"54,592명",90%,https://school.programmers.co.kr/learn/courses/30/lessons/120822
배열 뒤집기,코딩테스트 입문,Lv. 0,"58,408명",90%,https://school.programmers.co.kr/learn/courses/30/lessons/120821
나이 출력,코딩테스트 입문,Lv. 0,"88,927명",91%,https://school.programmers.co.kr/learn/courses/30/lessons/120820
아이스 아메리카노,코딩테스트 입문,Lv. 0,"53,928명",90%,https://school.programmers.co.kr/learn/courses/30/lessons/120819
옷가게 할인 받기,코딩테스트 입문,Lv. 0,"46,900명",90%,https://school.programmers.co.kr/learn/courses/30/lessons/120818
배열의 평균값,코딩테스트 입문,Lv. 0,"73,563명",90%,https://school.programmers.co.kr/learn/courses/30/lessons/120817
피자 나눠 먹기 (3),코딩테스트 입문,Lv. 0,"52,551명",90%,https://school.programmers.co.kr/learn/courses/30/lessons/120816
피자 나눠 먹기 (2),코딩테스트 입문,Lv. 0,"36,047명",88%,https://school.programmers.co.kr/learn/courses/30/lessons/120815
피자 나눠 먹기 (1),코딩테스트 입문,Lv. 0,"60,208명",90%,https://school.programmers.co.kr/learn/courses/30/lessons/120814
짝수는 싫어요,코딩테스트 입문,Lv. 0,"51,198명",90%,https://school.programmers.co.kr/learn/courses/30/lessons/120813
최빈값 구하기,코딩테스트 입문,Lv. 0,"32,987명",71%,https://school.programmers.co.kr/learn/courses/30/lessons/120812
중앙값 구하기,코딩테스트 입문,Lv. 0,"53,843명",89%,https://school.programmers.co.kr/learn/courses/30/lessons/120811
나머지 구하기,코딩테스트 입문,Lv. 0,"92,078명",91%,https://school.programmers.co.kr/learn/courses/30/lessons/120810
배열 두 배 만들기,코딩테스트 입문,Lv. 0,"63,210명",89%,https://school.programmers.co.kr/learn/courses/30/lessons/120809
분수의 덧셈,코딩테스트 입문,Lv. 0,"42,963명",63%,https://school.programmers.co.kr/learn/courses/30/lessons/120808
숫자 비교하기,코딩테스트 입문,Lv. 0,"99,916명",91%,https://school.programmers.co.kr/learn/courses/30/lessons/120807
두 수의 나눗셈,코딩테스트 입문,Lv. 0,"88,606명",91%,https://school.programmers.co.kr/learn/courses/30/lessons/120806
몫 구하기,코딩테스트 입문,Lv. 0,"103,830명",91%,https://school.programmers.co.kr/learn/courses/30/lessons/120805
두 수의 곱 구하기,코딩테스트 입문,Lv. 0,"107,471명",91%,https://school.programmers.co.kr/learn/courses/30/lessons/120804
두 수의 차 구하기,코딩테스트 입문,Lv. 0,"108,669명",91%,https://school.programmers.co.kr/learn/courses/30/lessons/120803
두 수의 합 구하기,코딩테스트 입문,Lv. 0,"101,097명",90%,https://school.programmers.co.kr/learn/courses/30/lessons/120802
머쓱이보다 키 큰 사람,코딩테스트 입문,Lv. 0,"55,869명",90%,https://school.programmers.co.kr/learn/courses/30/lessons/120585
중복된 숫자 개수,코딩테스트 입문,Lv. 0,"53,409명",89%,https://school.programmers.co.kr/learn/courses/30/lessons/120583
행렬과 연산,2022 KAKAO TECH INTERNSHIP,Lv. 4,"1,304명",14%,https://school.programmers.co.kr/learn/courses/30/lessons/118670
등산코스 정하기,2022 KAKAO TECH INTERNSHIP,Lv. 3,"4,433명",32%,https://school.programmers.co.kr/learn/courses/30/lessons/118669
코딩 테스트 공부,2022 KAKAO TECH INTERNSHIP,Lv. 3,"3,939명",28%,https://school.programmers.co.kr/learn/courses/30/lessons/118668
두 큐 합 같게 만들기,2022 KAKAO TECH INTERNSHIP,Lv. 2,"16,986명",57%,https://school.programmers.co.kr/learn/courses/30/lessons/118667
성격 유형 검사하기,2022 KAKAO TECH INTERNSHIP,Lv. 1,"27,443명",55%,https://school.programmers.co.kr/learn/courses/30/lessons/118666
사라지는 발판,2022 KAKAO BLIND RECRUITMENT,Lv. 3,"2,223명",17%,https://school.programmers.co.kr/learn/courses/30/lessons/92345
파괴되지 않은 건물,2022 KAKAO BLIND RECRUITMENT,Lv. 3,"7,103명",44%,https://school.programmers.co.kr/learn/courses/30/lessons/92344
양과 늑대,2022 KAKAO BLIND RECRUITMENT,Lv. 3,"8,659명",42%,https://school.programmers.co.kr/learn/courses/30/lessons/92343
양궁대회,2022 KAKAO BLIND RECRUITMENT,Lv. 2,"10,529명",39%,https://school.programmers.co.kr/learn/courses/30/lessons/92342
주차 요금 계산,2022 KAKAO BLIND RECRUITMENT,Lv. 2,"22,253명",61%,https://school.programmers.co.kr/learn/courses/30/lessons/92341
k진수에서 소수 개수 구하기,2022 KAKAO BLIND RECRUITMENT,Lv. 2,"19,828명",63%,https://school.programmers.co.kr/learn/courses/30/lessons/92335
신고 결과 받기,2022 KAKAO BLIND RECRUITMENT,Lv. 1,"40,826명",42%,https://school.programmers.co.kr/learn/courses/30/lessons/92334
피로도,완전탐색,Lv. 2,"33,890명",68%,https://school.programmers.co.kr/learn/courses/30/lessons/87946
아이템 줍기,깊이/너비 우선 탐색(DFS/BFS),Lv. 3,"9,870명",31%,https://school.programmers.co.kr/learn/courses/30/lessons/87694
쿼리의 모음의 개수,월간 코드 챌린지 시즌3,Lv. 5,51명,0%,https://school.programmers.co.kr/learn/courses/30/lessons/87394
공 이동 시뮬레이션,월간 코드 챌린지 시즌3,Lv. 3,"1,261명",23%,https://school.programmers.co.kr/learn/courses/30/lessons/87391
n^2 배열 자르기,월간 코드 챌린지 시즌3,Lv. 2,"19,547명",69%,https://school.programmers.co.kr/learn/courses/30/lessons/87390
나머지가 1이 되는 수 찾기,월간 코드 챌린지 시즌3,Lv. 1,"65,736명",88%,https://school.programmers.co.kr/learn/courses/30/lessons/87389
교점에 별 만들기,위클리 챌린지,Lv. 2,"6,206명",34%,https://school.programmers.co.kr/learn/courses/30/lessons/87377
전력망을 둘로 나누기,완전탐색,Lv. 2,"23,193명",55%,https://school.programmers.co.kr/learn/courses/30/lessons/86971
최소직사각형,완전탐색,Lv. 1,"62,427명",76%,https://school.programmers.co.kr/learn/courses/30/lessons/86491
안티세포,월간 코드 챌린지 시즌3,Lv. 4,162명,3%,https://school.programmers.co.kr/learn/courses/30/lessons/86054
금과 은 운반하기,월간 코드 챌린지 시즌3,Lv. 3,"2,821명",18%,https://school.programmers.co.kr/learn/courses/30/lessons/86053
빛의 경로 사이클,월간 코드 챌린지 시즌3,Lv. 2,"4,174명",18%,https://school.programmers.co.kr/learn/courses/30/lessons/86052
없는 숫자 더하기,월간 코드 챌린지 시즌3,Lv. 1,"65,439명",87%,https://school.programmers.co.kr/learn/courses/30/lessons/86051
모음사전,완전탐색,Lv. 2,"28,157명",65%,https://school.programmers.co.kr/learn/courses/30/lessons/84512
퍼즐 조각 채우기,깊이/너비 우선 탐색(DFS/BFS),Lv. 3,"5,468명",17%,https://school.programmers.co.kr/learn/courses/30/lessons/84021
부족한 금액 계산하기,위클리 챌린지,Lv. 1,"57,406명",84%,https://school.programmers.co.kr/learn/courses/30/lessons/82612
시험장 나누기,2021 카카오 채용연계형 인턴십,Lv. 5,"1,107명",4%,https://school.programmers.co.kr/learn/courses/30/lessons/81305
미로 탈출,2021 카카오 채용연계형 인턴십,Lv. 4,"1,100명",10%,https://school.programmers.co.kr/learn/courses/30/lessons/81304
표 편집,2021 카카오 채용연계형 인턴십,Lv. 3,"7,087명",41%,https://school.programmers.co.kr/learn/courses/30/lessons/81303
거리두기 확인하기,2021 카카오 채용연계형 인턴십,Lv. 2,"16,927명",49%,https://school.programmers.co.kr/learn/courses/30/lessons/81302
숫자 문자열과 영단어,2021 카카오 채용연계형 인턴십,Lv. 1,"60,445명",73%,https://school.programmers.co.kr/learn/courses/30/lessons/81301
중력 작용,월간 코드 챌린지 시즌2,Lv. 5,58명,0%,https://school.programmers.co.kr/learn/courses/30/lessons/77887
110 옮기기,월간 코드 챌린지 시즌2,Lv. 3,"2,584명",36%,https://school.programmers.co.kr/learn/courses/30/lessons/77886
2개 이하로 다른 비트,월간 코드 챌린지 시즌2,Lv. 2,"10,257명",57%,https://school.programmers.co.kr/learn/courses/30/lessons/77885
약수의 개수와 덧셈,월간 코드 챌린지 시즌2,Lv. 1,"51,967명",85%,https://school.programmers.co.kr/learn/courses/30/lessons/77884
헤비 유저가 소유한 장소,2021 Dev-Matching: 웹 백엔드 개발자(상반기),Lv. 3,"20,220명",75%,https://school.programmers.co.kr/learn/courses/30/lessons/77487
다단계 칫솔 판매,2021 Dev-Matching: 웹 백엔드 개발자(상반기),Lv. 3,"9,865명",47%,https://school.programmers.co.kr/learn/courses/30/lessons/77486
행렬 테두리 회전하기,2021 Dev-Matching: 웹 백엔드 개발자(상반기),Lv. 2,"14,956명",50%,https://school.programmers.co.kr/learn/courses/30/lessons/77485
로또의 최고 순위와 최저 순위,2021 Dev-Matching: 웹 백엔드 개발자(상반기),Lv. 1,"50,898명",61%,https://school.programmers.co.kr/learn/courses/30/lessons/77484
RPG와 쿼리,월간 코드 챌린지 시즌2,Lv. 5,76명,1%,https://school.programmers.co.kr/learn/courses/30/lessons/76504
모두 0으로 만들기,월간 코드 챌린지 시즌2,Lv. 3,"2,514명",28%,https://school.programmers.co.kr/learn/courses/30/lessons/76503
괄호 회전하기,월간 코드 챌린지 시즌2,Lv. 2,"26,598명",69%,https://school.programmers.co.kr/learn/courses/30/lessons/76502
음양 더하기,월간 코드 챌린지 시즌2,Lv. 1,"66,371명",87%,https://school.programmers.co.kr/learn/courses/30/lessons/76501
매출 하락 최소화,2021 KAKAO BLIND RECRUITMENT,Lv. 4,"1,903명",14%,https://school.programmers.co.kr/learn/courses/30/lessons/72416
카드 짝 맞추기,2021 KAKAO BLIND RECRUITMENT,Lv. 3,"2,533명",21%,https://school.programmers.co.kr/learn/courses/30/lessons/72415
광고 삽입,2021 KAKAO BLIND RECRUITMENT,Lv. 3,"5,454명",37%,https://school.programmers.co.kr/learn/courses/30/lessons/72414
합승 택시 요금,2021 KAKAO BLIND RECRUITMENT,Lv. 3,"12,583명",42%,https://school.programmers.co.kr/learn/courses/30/lessons/72413
순위 검색,2021 KAKAO BLIND RECRUITMENT,Lv. 2,"10,964명",36%,https://school.programmers.co.kr/learn/courses/30/lessons/72412
메뉴 리뉴얼,2021 KAKAO BLIND RECRUITMENT,Lv. 2,"19,729명",52%,https://school.programmers.co.kr/learn/courses/30/lessons/72411
신규 아이디 추천,2021 KAKAO BLIND RECRUITMENT,Lv. 1,"46,719명",53%,https://school.programmers.co.kr/learn/courses/30/lessons/72410
가짜 해밀토니안,월간 코드 챌린지 시즌1,Lv. 5,116명,1%,https://school.programmers.co.kr/learn/courses/30/lessons/70132
스타 수열,월간 코드 챌린지 시즌1,Lv. 3,"2,322명",32%,https://school.programmers.co.kr/learn/courses/30/lessons/70130
이진 변환 반복하기,월간 코드 챌린지 시즌1,Lv. 2,"38,296명",78%,https://school.programmers.co.kr/learn/courses/30/lessons/70129
내적,월간 코드 챌린지 시즌1,Lv. 1,"62,619명",86%,https://school.programmers.co.kr/learn/courses/30/lessons/70128
문자열의 아름다움,월간 코드 챌린지 시즌1,Lv. 5,242명,3%,https://school.programmers.co.kr/learn/courses/30/lessons/68938
트리 트리오 중간값,월간 코드 챌린지 시즌1,Lv. 4,612명,18%,https://school.programmers.co.kr/learn/courses/30/lessons/68937
쿼드압축 후 개수 세기,월간 코드 챌린지 시즌1,Lv. 2,"12,774명",57%,https://school.programmers.co.kr/learn/courses/30/lessons/68936
3진법 뒤집기,월간 코드 챌린지 시즌1,Lv. 1,"46,427명",77%,https://school.programmers.co.kr/learn/courses/30/lessons/68935
짝수 행 세기,월간 코드 챌린지 시즌1,Lv. 4,371명,7%,https://school.programmers.co.kr/learn/courses/30/lessons/68647
풍선 터트리기,월간 코드 챌린지 시즌1,Lv. 3,"6,128명",46%,https://school.programmers.co.kr/learn/courses/30/lessons/68646
삼각 달팽이,월간 코드 챌린지 시즌1,Lv. 2,"16,914명",55%,https://school.programmers.co.kr/learn/courses/30/lessons/68645
두 개 뽑아서 더하기,월간 코드 챌린지 시즌1,Lv. 1,"60,882명",74%,https://school.programmers.co.kr/learn/courses/30/lessons/68644
동굴 탐험,2020 카카오 인턴십,Lv. 4,"1,810명",20%,https://school.programmers.co.kr/learn/courses/30/lessons/67260
경주로 건설,2020 카카오 인턴십,Lv. 3,"8,682명",49%,https://school.programmers.co.kr/learn/courses/30/lessons/67259
보석 쇼핑,2020 카카오 인턴십,Lv. 3,"12,345명",53%,https://school.programmers.co.kr/learn/courses/30/lessons/67258
수식 최대화,2020 카카오 인턴십,Lv. 2,"15,594명",49%,https://school.programmers.co.kr/learn/courses/30/lessons/67257
키패드 누르기,2020 카카오 인턴십,Lv. 1,"39,292명",54%,https://school.programmers.co.kr/learn/courses/30/lessons/67256
튜플,2019 카카오 개발자 겨울 인턴십,Lv. 2,"28,053명",65%,https://school.programmers.co.kr/learn/courses/30/lessons/64065
불량 사용자,2019 카카오 개발자 겨울 인턴십,Lv. 3,"12,863명",53%,https://school.programmers.co.kr/learn/courses/30/lessons/64064
호텔 방 배정,2019 카카오 개발자 겨울 인턴십,Lv. 4,"5,177명",36%,https://school.programmers.co.kr/learn/courses/30/lessons/64063
징검다리 건너기,2019 카카오 개발자 겨울 인턴십,Lv. 3,"10,375명",51%,https://school.programmers.co.kr/learn/courses/30/lessons/64062
크레인 인형뽑기 게임,2019 카카오 개발자 겨울 인턴십,Lv. 1,"49,189명",55%,https://school.programmers.co.kr/learn/courses/30/lessons/64061
우유와 요거트가 담긴 장바구니,Summer/Winter Coding(2019),Lv. 4,"19,856명",75%,https://school.programmers.co.kr/learn/courses/30/lessons/62284
지형 이동,Summer/Winter Coding(2019),Lv. 4,"2,055명",19%,https://school.programmers.co.kr/learn/courses/30/lessons/62050
멀쩡한 사각형,Summer/Winter Coding(2019),Lv. 2,"19,789명",44%,https://school.programmers.co.kr/learn/courses/30/lessons/62048
블록 이동하기,2020 KAKAO BLIND RECRUITMENT,Lv. 3,"4,781명",28%,https://school.programmers.co.kr/learn/courses/30/lessons/60063
외벽 점검,2020 KAKAO BLIND RECRUITMENT,Lv. 3,"5,693명",33%,https://school.programmers.co.kr/learn/courses/30/lessons/60062
기둥과 보 설치,2020 KAKAO BLIND RECRUITMENT,Lv. 3,"7,074명",37%,https://school.programmers.co.kr/learn/courses/30/lessons/60061
가사 검색,2020 KAKAO BLIND RECRUITMENT,Lv. 4,"5,082명",28%,https://school.programmers.co.kr/learn/courses/30/lessons/60060
자물쇠와 열쇠,2020 KAKAO BLIND RECRUITMENT,Lv. 3,"12,071명",42%,https://school.programmers.co.kr/learn/courses/30/lessons/60059
괄호 변환,2020 KAKAO BLIND RECRUITMENT,Lv. 2,"21,566명",49%,https://school.programmers.co.kr/learn/courses/30/lessons/60058
문자열 압축,2020 KAKAO BLIND RECRUITMENT,Lv. 2,"33,870명",45%,https://school.programmers.co.kr/learn/courses/30/lessons/60057
최댓값 구하기,"SUM, MAX, MIN",Lv. 1,"84,832명",81%,https://school.programmers.co.kr/learn/courses/30/lessons/59415
DATETIME에서 DATE로 형 변환,"String, Date",Lv. 2,"45,580명",91%,https://school.programmers.co.kr/learn/courses/30/lessons/59414
입양 시각 구하기(2),GROUP BY,Lv. 4,"37,522명",62%,https://school.programmers.co.kr/learn/courses/30/lessons/59413
입양 시각 구하기(1),GROUP BY,Lv. 2,"60,700명",89%,https://school.programmers.co.kr/learn/courses/30/lessons/59412
오랜 기간 보호한 동물(2),"String, Date",Lv. 3,"41,623명",86%,https://school.programmers.co.kr/learn/courses/30/lessons/59411
NULL 처리하기,IS NULL,Lv. 2,"63,069명",91%,https://school.programmers.co.kr/learn/courses/30/lessons/59410
중성화 여부 파악하기,"String, Date",Lv. 2,"48,378명",90%,https://school.programmers.co.kr/learn/courses/30/lessons/59409
중복 제거하기,"SUM, MAX, MIN",Lv. 2,"82,531명",91%,https://school.programmers.co.kr/learn/courses/30/lessons/59408
이름이 있는 동물의 아이디,IS NULL,Lv. 1,"67,280명",91%,https://school.programmers.co.kr/learn/courses/30/lessons/59407
동물 수 구하기,"SUM, MAX, MIN",Lv. 2,"83,956명",91%,https://school.programmers.co.kr/learn/courses/30/lessons/59406
상위 n개 레코드,SELECT,Lv. 1,"85,176명",91%,https://school.programmers.co.kr/learn/courses/30/lessons/59405
여러 기준으로 정렬하기,SELECT,Lv. 1,"86,020명",91%,https://school.programmers.co.kr/learn/courses/30/lessons/59404
동물의 아이디와 이름,SELECT,Lv. 1,"88,819명",91%,https://school.programmers.co.kr/learn/courses/30/lessons/59403
이름에 el이 들어가는 동물 찾기,"String, Date",Lv. 2,"54,697명",91%,https://school.programmers.co.kr/learn/courses/30/lessons/59047
루시와 엘라 찾기,"String, Date",Lv. 2,"51,982명",84%,https://school.programmers.co.kr/learn/courses/30/lessons/59046
보호소에서 중성화한 동물,JOIN,Lv. 4,"49,866명",86%,https://school.programmers.co.kr/learn/courses/30/lessons/59045
오랜 기간 보호한 동물(1),JOIN,Lv. 3,"56,367명",87%,https://school.programmers.co.kr/learn/courses/30/lessons/59044
있었는데요 없었습니다,JOIN,Lv. 3,"61,414명",87%,https://school.programmers.co.kr/learn/courses/30/lessons/59043
없어진 기록 찾기,JOIN,Lv. 3,"63,992명",82%,https://school.programmers.co.kr/learn/courses/30/lessons/59042
동명 동물 수 찾기,GROUP BY,Lv. 2,"74,033명",91%,https://school.programmers.co.kr/learn/courses/30/lessons/59041
고양이와 개는 몇 마리 있을까,GROUP BY,Lv. 2,"76,506명",89%,https://school.programmers.co.kr/learn/courses/30/lessons/59040
이름이 없는 동물의 아이디,IS NULL,Lv. 1,"67,500명",91%,https://school.programmers.co.kr/learn/courses/30/lessons/59039
최솟값 구하기,"SUM, MAX, MIN",Lv. 2,"85,480명",91%,https://school.programmers.co.kr/learn/courses/30/lessons/59038
어린 동물 찾기,SELECT,Lv. 1,"92,476명",91%,https://school.programmers.co.kr/learn/courses/30/lessons/59037
아픈 동물 찾기,SELECT,Lv. 1,"97,349명",91%,https://school.programmers.co.kr/learn/courses/30/lessons/59036
역순 정렬하기,SELECT,Lv. 1,"96,607명",91%,https://school.programmers.co.kr/learn/courses/30/lessons/59035
모든 레코드 조회하기,SELECT,Lv. 1,"95,241명",84%,https://school.programmers.co.kr/learn/courses/30/lessons/59034
쿠키 구입,Summer/Winter Coding(~2018),Lv. 4,"2,426명",35%,https://school.programmers.co.kr/learn/courses/30/lessons/49995
방문 길이,Summer/Winter Coding(~2018),Lv. 2,"19,141명",64%,https://school.programmers.co.kr/learn/courses/30/lessons/49994
스킬트리,Summer/Winter Coding(~2018),Lv. 2,"28,045명",61%,https://school.programmers.co.kr/learn/courses/30/lessons/49993
순위,그래프,Lv. 3,"15,815명",45%,https://school.programmers.co.kr/learn/courses/30/lessons/49191
방의 개수,그래프,Lv. 5,"3,091명",7%,https://school.programmers.co.kr/learn/courses/30/lessons/49190
가장 먼 노드,그래프,Lv. 3,"28,753명",51%,https://school.programmers.co.kr/learn/courses/30/lessons/49189
입국심사,이분탐색,Lv. 3,"27,709명",49%,https://school.programmers.co.kr/learn/courses/30/lessons/43238
징검다리,이분탐색,Lv. 4,"9,181명",31%,https://school.programmers.co.kr/learn/courses/30/lessons/43236
타겟 넘버,깊이/너비 우선 탐색(DFS/BFS),Lv. 2,"73,390명",65%,https://school.programmers.co.kr/learn/courses/30/lessons/43165
여행경로,깊이/너비 우선 탐색(DFS/BFS),Lv. 3,"29,279명",51%,https://school.programmers.co.kr/learn/courses/30/lessons/43164
단어 변환,깊이/너비 우선 탐색(DFS/BFS),Lv. 3,"41,434명",63%,https://school.programmers.co.kr/learn/courses/30/lessons/43163
네트워크,깊이/너비 우선 탐색(DFS/BFS),Lv. 3,"54,649명",64%,https://school.programmers.co.kr/learn/courses/30/lessons/43162
정수 삼각형,동적계획법(Dynamic Programming),Lv. 3,"37,841명",64%,https://school.programmers.co.kr/learn/courses/30/lessons/43105
등굣길,동적계획법(Dynamic Programming),Lv. 3,"25,248명",62%,https://school.programmers.co.kr/learn/courses/30/lessons/42898
도둑질,동적계획법(Dynamic Programming),Lv. 4,"10,829명",41%,https://school.programmers.co.kr/learn/courses/30/lessons/42897
N으로 표현,동적계획법(Dynamic Programming),Lv. 3,"21,450명",31%,https://school.programmers.co.kr/learn/courses/30/lessons/42895
블록 게임,2019 KAKAO BLIND RECRUITMENT,Lv. 4,"1,968명",21%,https://school.programmers.co.kr/learn/courses/30/lessons/42894
매칭 점수,2019 KAKAO BLIND RECRUITMENT,Lv. 3,"2,645명",22%,https://school.programmers.co.kr/learn/courses/30/lessons/42893
길 찾기 게임,2019 KAKAO BLIND RECRUITMENT,Lv. 3,"9,344명",39%,https://school.programmers.co.kr/learn/courses/30/lessons/42892
무지의 먹방 라이브,2019 KAKAO BLIND RECRUITMENT,Lv. 4,"7,203명",35%,https://school.programmers.co.kr/learn/courses/30/lessons/42891
후보키,2019 KAKAO BLIND RECRUITMENT,Lv. 2,"11,714명",43%,https://school.programmers.co.kr/learn/courses/30/lessons/42890
실패율,2019 KAKAO BLIND RECRUITMENT,Lv. 1,"43,239명",63%,https://school.programmers.co.kr/learn/courses/30/lessons/42889
오픈채팅방,2019 KAKAO BLIND RECRUITMENT,Lv. 2,"38,955명",59%,https://school.programmers.co.kr/learn/courses/30/lessons/42888
구명보트,탐욕법(Greedy),Lv. 2,"46,342명",72%,https://school.programmers.co.kr/learn/courses/30/lessons/42885
단속카메라,탐욕법(Greedy),Lv. 3,"20,443명",59%,https://school.programmers.co.kr/learn/courses/30/lessons/42884
큰 수 만들기,탐욕법(Greedy),Lv. 2,"35,586명",56%,https://school.programmers.co.kr/learn/courses/30/lessons/42883
체육복,탐욕법(Greedy),Lv. 1,"67,853명",59%,https://school.programmers.co.kr/learn/courses/30/lessons/42862
섬 연결하기,탐욕법(Greedy),Lv. 3,"19,386명",51%,https://school.programmers.co.kr/learn/courses/30/lessons/42861
조이스틱,탐욕법(Greedy),Lv. 2,"23,746명",39%,https://school.programmers.co.kr/learn/courses/30/lessons/42860
카펫,완전탐색,Lv. 2,"62,416명",74%,https://school.programmers.co.kr/learn/courses/30/lessons/42842
모의고사,완전탐색,Lv. 1,"90,812명",67%,https://school.programmers.co.kr/learn/courses/30/lessons/42840
소수 찾기,완전탐색,Lv. 2,"48,759명",57%,https://school.programmers.co.kr/learn/courses/30/lessons/42839
K번째수,정렬,Lv. 1,"113,391명",73%,https://school.programmers.co.kr/learn/courses/30/lessons/42748
H-Index,정렬,Lv. 2,"60,040명",68%,https://school.programmers.co.kr/learn/courses/30/lessons/42747
가장 큰 수,정렬,Lv. 2,"62,994명",58%,https://school.programmers.co.kr/learn/courses/30/lessons/42746
이중우선순위큐,힙(Heap),Lv. 3,"32,303명",63%,https://school.programmers.co.kr/learn/courses/30/lessons/42628
디스크 컨트롤러,힙(Heap),Lv. 3,"26,368명",47%,https://school.programmers.co.kr/learn/courses/30/lessons/42627
더 맵게,힙(Heap),Lv. 2,"53,393명",63%,https://school.programmers.co.kr/learn/courses/30/lessons/42626
프로세스,스택/큐,Lv. 2,"63,684명",66%,https://school.programmers.co.kr/learn/courses/30/lessons/42587
기능개발,스택/큐,Lv. 2,"80,448명",68%,https://school.programmers.co.kr/learn/courses/30/lessons/42586
주식가격,스택/큐,Lv. 2,"54,976명",63%,https://school.programmers.co.kr/learn/courses/30/lessons/42584
다리를 지나는 트럭,스택/큐,Lv. 2,"49,134명",56%,https://school.programmers.co.kr/learn/courses/30/lessons/42583
베스트앨범,해시,Lv. 3,"47,474명",57%,https://school.programmers.co.kr/learn/courses/30/lessons/42579
의상,해시,Lv. 2,"72,982명",68%,https://school.programmers.co.kr/learn/courses/30/lessons/42578
전화번호 목록,해시,Lv. 2,"79,579명",66%,https://school.programmers.co.kr/learn/courses/30/lessons/42577
완주하지 못한 선수,해시,Lv. 1,"115,683명",60%,https://school.programmers.co.kr/learn/courses/30/lessons/42576
[3차] n진수 게임,2018 KAKAO BLIND RECRUITMENT,Lv. 2,"16,606명",63%,https://school.programmers.co.kr/learn/courses/30/lessons/17687
[3차] 파일명 정렬,2018 KAKAO BLIND RECRUITMENT,Lv. 2,"15,608명",59%,https://school.programmers.co.kr/learn/courses/30/lessons/17686
[3차] 자동완성,2018 KAKAO BLIND RECRUITMENT,Lv. 4,"3,418명",32%,https://school.programmers.co.kr/learn/courses/30/lessons/17685
[3차] 압축,2018 KAKAO BLIND RECRUITMENT,Lv. 2,"16,130명",62%,https://school.programmers.co.kr/learn/courses/30/lessons/17684
[3차] 방금그곡,2018 KAKAO BLIND RECRUITMENT,Lv. 2,"11,499명",50%,https://school.programmers.co.kr/learn/courses/30/lessons/17683
[1차] 다트 게임,2018 KAKAO BLIND RECRUITMENT,Lv. 1,"32,698명",60%,https://school.programmers.co.kr/learn/courses/30/lessons/17682
[1차] 비밀지도,2018 KAKAO BLIND RECRUITMENT,Lv. 1,"44,230명",71%,https://school.programmers.co.kr/learn/courses/30/lessons/17681
[1차] 캐시,2018 KAKAO BLIND RECRUITMENT,Lv. 2,"25,122명",66%,https://school.programmers.co.kr/learn/courses/30/lessons/17680
[1차] 프렌즈4블록,2018 KAKAO BLIND RECRUITMENT,Lv. 2,"14,741명",58%,https://school.programmers.co.kr/learn/courses/30/lessons/17679
[1차] 셔틀버스,2018 KAKAO BLIND RECRUITMENT,Lv. 3,"8,573명",45%,https://school.programmers.co.kr/learn/courses/30/lessons/17678
[1차] 뉴스 클러스터링,2018 KAKAO BLIND RECRUITMENT,Lv. 2,"23,326명",64%,https://school.programmers.co.kr/learn/courses/30/lessons/17677
[1차] 추석 트래픽,2018 KAKAO BLIND RECRUITMENT,Lv. 3,"8,508명",23%,https://school.programmers.co.kr/learn/courses/30/lessons/17676
숫자 게임,Summer/Winter Coding(~2018),Lv. 3,"11,970명",61%,https://school.programmers.co.kr/learn/courses/30/lessons/12987
예상 대진표,2017 팁스타운,Lv. 2,"29,870명",70%,https://school.programmers.co.kr/learn/courses/30/lessons/12985
지형 편집,Summer/Winter Coding(~2018),Lv. 4,915명,21%,https://school.programmers.co.kr/learn/courses/30/lessons/12984
단어 퍼즐,2017 팁스타운,Lv. 4,"1,528명",26%,https://school.programmers.co.kr/learn/courses/30/lessons/12983
예산,Summer/Winter Coding(~2018),Lv. 1,"50,925명",78%,https://school.programmers.co.kr/learn/courses/30/lessons/12982
영어 끝말잇기,Summer/Winter Coding(~2018),Lv. 2,"35,327명",70%,https://school.programmers.co.kr/learn/courses/30/lessons/12981
점프와 순간 이동,Summer/Winter Coding(~2018),Lv. 2,"27,617명",72%,https://school.programmers.co.kr/learn/courses/30/lessons/12980
기지국 설치,Summer/Winter Coding(~2018),Lv. 3,"9,802명",58%,https://school.programmers.co.kr/learn/courses/30/lessons/12979
배달,Summer/Winter Coding(~2018),Lv. 2,"14,187명",54%,https://school.programmers.co.kr/learn/courses/30/lessons/12978
소수 만들기,Summer/Winter Coding(~2018),Lv. 1,"44,597명",64%,https://school.programmers.co.kr/learn/courses/30/lessons/12977
직사각형의 넓이,연습문제,Lv. 5,134명,1%,https://school.programmers.co.kr/learn/courses/30/lessons/12974
짝지어 제거하기,2017 팁스타운,Lv. 2,"38,976명",75%,https://school.programmers.co.kr/learn/courses/30/lessons/12973
스티커 모으기(2),Summer/Winter Coding(~2018),Lv. 3,"6,462명",56%,https://school.programmers.co.kr/learn/courses/30/lessons/12971
직사각형 별찍기,연습문제,Lv. 1,"63,146명",80%,https://school.programmers.co.kr/learn/courses/30/lessons/12969
x만큼 간격이 있는 n개의 숫자,연습문제,Lv. 1,"74,256명",88%,https://school.programmers.co.kr/learn/courses/30/lessons/12954
N개의 최소공배수,연습문제,Lv. 2,"31,701명",71%,https://school.programmers.co.kr/learn/courses/30/lessons/12953
N-Queen,연습문제,Lv. 2,"8,950명",42%,https://school.programmers.co.kr/learn/courses/30/lessons/12952
JadenCase 문자열 만들기,연습문제,Lv. 2,"46,528명",80%,https://school.programmers.co.kr/learn/courses/30/lessons/12951
행렬의 덧셈,연습문제,Lv. 1,"57,775명",81%,https://school.programmers.co.kr/learn/courses/30/lessons/12950
행렬의 곱셈,연습문제,Lv. 2,"26,970명",68%,https://school.programmers.co.kr/learn/courses/30/lessons/12949
핸드폰 번호 가리기,연습문제,Lv. 1,"73,330명",86%,https://school.programmers.co.kr/learn/courses/30/lessons/12948
하샤드 수,연습문제,Lv. 1,"71,497명",88%,https://school.programmers.co.kr/learn/courses/30/lessons/12947
하노이의 탑,연습문제,Lv. 2,"13,257명",48%,https://school.programmers.co.kr/learn/courses/30/lessons/12946
피보나치 수,연습문제,Lv. 2,"47,501명",75%,https://school.programmers.co.kr/learn/courses/30/lessons/12945
평균 구하기,연습문제,Lv. 1,"92,906명",88%,https://school.programmers.co.kr/learn/courses/30/lessons/12944
콜라츠 추측,연습문제,Lv. 1,"66,660명",86%,https://school.programmers.co.kr/learn/courses/30/lessons/12943
최적의 행렬 곱셈,연습문제,Lv. 3,"1,838명",29%,https://school.programmers.co.kr/learn/courses/30/lessons/12942
최솟값 만들기,연습문제,Lv. 2,"47,831명",80%,https://school.programmers.co.kr/learn/courses/30/lessons/12941
최대공약수와 최소공배수,연습문제,Lv. 1,"50,883명",79%,https://school.programmers.co.kr/learn/courses/30/lessons/12940
최댓값과 최솟값,연습문제,Lv. 2,"60,070명",80%,https://school.programmers.co.kr/learn/courses/30/lessons/12939
최고의 집합,연습문제,Lv. 3,"14,945명",58%,https://school.programmers.co.kr/learn/courses/30/lessons/12938
짝수와 홀수,연습문제,Lv. 1,"95,016명",88%,https://school.programmers.co.kr/learn/courses/30/lessons/12937
줄 서는 방법,연습문제,Lv. 2,"8,598명",50%,https://school.programmers.co.kr/learn/courses/30/lessons/12936
제일 작은 수 제거하기,연습문제,Lv. 1,"61,823명",86%,https://school.programmers.co.kr/learn/courses/30/lessons/12935
정수 제곱근 판별,연습문제,Lv. 1,"67,803명",88%,https://school.programmers.co.kr/learn/courses/30/lessons/12934
정수 내림차순으로 배치하기,연습문제,Lv. 1,"65,581명",88%,https://school.programmers.co.kr/learn/courses/30/lessons/12933
자연수 뒤집어 배열로 만들기,연습문제,Lv. 1,"74,831명",88%,https://school.programmers.co.kr/learn/courses/30/lessons/12932
자릿수 더하기,연습문제,Lv. 1,"83,353명",88%,https://school.programmers.co.kr/learn/courses/30/lessons/12931
이상한 문자 만들기,연습문제,Lv. 1,"54,154명",77%,https://school.programmers.co.kr/learn/courses/30/lessons/12930
올바른 괄호의 갯수,연습문제,Lv. 4,"3,718명",35%,https://school.programmers.co.kr/learn/courses/30/lessons/12929
약수의 합,연습문제,Lv. 1,"87,963명",88%,https://school.programmers.co.kr/learn/courses/30/lessons/12928
야근 지수,연습문제,Lv. 3,"15,798명",63%,https://school.programmers.co.kr/learn/courses/30/lessons/12927
시저 암호,연습문제,Lv. 1,"48,573명",74%,https://school.programmers.co.kr/learn/courses/30/lessons/12926
문자열을 정수로 바꾸기,연습문제,Lv. 1,"84,191명",88%,https://school.programmers.co.kr/learn/courses/30/lessons/12925
숫자의 표현,연습문제,Lv. 2,"37,576명",77%,https://school.programmers.co.kr/learn/courses/30/lessons/12924
숫자 블록,연습문제,Lv. 2,"4,286명",40%,https://school.programmers.co.kr/learn/courses/30/lessons/12923
수박수박수박수박수박수?,연습문제,Lv. 1,"74,937명",85%,https://school.programmers.co.kr/learn/courses/30/lessons/12922
소수 찾기,연습문제,Lv. 1,"39,188명",64%,https://school.programmers.co.kr/learn/courses/30/lessons/12921
선입 선출 스케줄링,연습문제,Lv. 3,"2,121명",30%,https://school.programmers.co.kr/learn/courses/30/lessons/12920
서울에서 김서방 찾기,연습문제,Lv. 1,"75,273명",86%,https://school.programmers.co.kr/learn/courses/30/lessons/12919
문자열 다루기 기본,연습문제,Lv. 1,"67,402명",82%,https://school.programmers.co.kr/learn/courses/30/lessons/12918
문자열 내림차순으로 배치하기,연습문제,Lv. 1,"62,095명",84%,https://school.programmers.co.kr/learn/courses/30/lessons/12917
문자열 내 p와 y의 개수,연습문제,Lv. 1,"73,980명",87%,https://school.programmers.co.kr/learn/courses/30/lessons/12916
문자열 내 마음대로 정렬하기,연습문제,Lv. 1,"49,219명",73%,https://school.programmers.co.kr/learn/courses/30/lessons/12915
멀리 뛰기,연습문제,Lv. 2,"28,796명",72%,https://school.programmers.co.kr/learn/courses/30/lessons/12914
땅따먹기,연습문제,Lv. 2,"19,538명",63%,https://school.programmers.co.kr/learn/courses/30/lessons/12913
두 정수 사이의 합,연습문제,Lv. 1,"82,193명",88%,https://school.programmers.co.kr/learn/courses/30/lessons/12912
다음 큰 숫자,연습문제,Lv. 2,"37,401명",75%,https://school.programmers.co.kr/learn/courses/30/lessons/12911
나누어 떨어지는 숫자 배열,연습문제,Lv. 1,"69,544명",86%,https://school.programmers.co.kr/learn/courses/30/lessons/12910
올바른 괄호,스택/큐,Lv. 2,"74,834명",80%,https://school.programmers.co.kr/learn/courses/30/lessons/12909
거스름돈,연습문제,Lv. 3,"7,115명",46%,https://school.programmers.co.kr/learn/courses/30/lessons/12907
같은 숫자는 싫어,스택/큐,Lv. 1,"90,907명",79%,https://school.programmers.co.kr/learn/courses/30/lessons/12906
가장 큰 정사각형 찾기,연습문제,Lv. 2,"12,138명",48%,https://school.programmers.co.kr/learn/courses/30/lessons/12905
가장 긴 팰린드롬,연습문제,Lv. 3,"9,784명",46%,https://school.programmers.co.kr/learn/courses/30/lessons/12904
가운데 글자 가져오기,연습문제,Lv. 1,"79,225명",85%,https://school.programmers.co.kr/learn/courses/30/lessons/12903
3 x n 타일링,연습문제,Lv. 2,"5,784명",29%,https://school.programmers.co.kr/learn/courses/30/lessons/12902
2016년,연습문제,Lv. 1,"55,190명",67%,https://school.programmers.co.kr/learn/courses/30/lessons/12901
2 x n 타일링,연습문제,Lv. 2,"17,189명",59%,https://school.programmers.co.kr/learn/courses/30/lessons/12900
124 나라의 숫자,연습문제,Lv. 2,"27,532명",52%,https://school.programmers.co.kr/learn/courses/30/lessons/12899
폰켓몬,해시,Lv. 1,"73,417명",69%,https://school.programmers.co.kr/learn/courses/30/lessons/1845
게임 맵 최단거리,깊이/너비 우선 탐색(DFS/BFS),Lv. 2,"43,898명",66%,https://school.programmers.co.kr/learn/courses/30/lessons/1844
사칙연산,동적계획법(Dynamic Programming),Lv. 4,"3,899명",20%,https://school.programmers.co.kr/learn/courses/30/lessons/1843
네오의 귀걸이,2017 카카오코드 본선,Lv. 5,62명,1%,https://school.programmers.co.kr/learn/courses/30/lessons/1842
IU와 콘의 보드게임,2017 카카오코드 본선,Lv. 5,42명,0%,https://school.programmers.co.kr/learn/courses/30/lessons/1841
스마트한 프로도,2017 카카오코드 본선,Lv. 5,74명,1%,https://school.programmers.co.kr/learn/courses/30/lessons/1840
튜브의 소개팅,2017 카카오코드 본선,Lv. 4,297명,8%,https://school.programmers.co.kr/learn/courses/30/lessons/1839
몸짱 트레이너 라이언의 고민,2017 카카오코드 본선,Lv. 3,376명,10%,https://school.programmers.co.kr/learn/courses/30/lessons/1838
GPS,2017 카카오코드 본선,Lv. 3,872명,16%,https://school.programmers.co.kr/learn/courses/30/lessons/1837
리틀 프렌즈 사천성,2017 카카오코드 본선,Lv. 3,"1,008명",17%,https://school.programmers.co.kr/learn/courses/30/lessons/1836
단체사진 찍기,2017 카카오코드 본선,Lv. 2,"5,252명",25%,https://school.programmers.co.kr/learn/courses/30/lessons/1835
신비로운 유적 탐험,2017 카카오코드 예선,Lv. 5,123명,1%,https://school.programmers.co.kr/learn/courses/30/lessons/1834
캠핑,2017 카카오코드 예선,Lv. 3,752명,19%,https://school.programmers.co.kr/learn/courses/30/lessons/1833
보행자 천국,2017 카카오코드 예선,Lv. 3,"2,799명",37%,https://school.programmers.co.kr/learn/courses/30/lessons/1832
4단 고음,2017 카카오코드 예선,Lv. 4,927명,11%,https://school.programmers.co.kr/learn/courses/30/lessons/1831
브라이언의 고민,2017 카카오코드 예선,Lv. 3,534명,3%,https://school.programmers.co.kr/learn/courses/30/lessons/1830
카카오프렌즈 컬러링북,2017 카카오코드 예선,Lv. 2,"9,374명",30%,https://school.programmers.co.kr/learn/courses/30/lessons/1829
